2023-11-10 09:27:38,297 p=1844365 u=root n=ansible | Using /home/ansadmin/playbooks/hdfs/ansible.cfg as config file
2023-11-10 09:27:46,175 p=1844365 u=root n=ansible | PLAY [Hadoop] ******************************************************************************************************************
2023-11-10 09:27:47,094 p=1844365 u=root n=ansible | TASK [Gathering Facts] *********************************************************************************************************
2023-11-10 09:28:01,107 p=1844365 u=root n=ansible | [WARNING]: Platform linux on host hdfsdn01 is using the discovered Python interpreter at /usr/bin/python3.6, but future
installation of another Python interpreter could change the meaning of that path. See https://docs.ansible.com/ansible-
core/2.14/reference_appendices/interpreter_discovery.html for more information.

2023-11-10 09:28:01,108 p=1844365 u=root n=ansible | ok: [hdfsdn01]
2023-11-10 09:28:01,682 p=1844365 u=root n=ansible | TASK [update all packages] *****************************************************************************************************
2023-11-10 09:28:11,372 p=1844365 u=root n=ansible | fatal: [hdfsdn01]: FAILED! => {
    "changed": false,
    "rc": 1
}

MSG:

MODULE FAILURE
See stdout/stderr for the exact error


MODULE_STDERR:

error: rpmdb: BDB0113 Thread/process 3058/140568920856640 failed: BDB1507 Thread died in Berkeley DB library
error: db5 error(-30973) from dbenv->failchk: BDB0087 DB_RUNRECOVERY: Fatal error, run database recovery
error: cannot open Packages index using db5 -  (-30973)
error: cannot open Packages database in /var/lib/rpm
Traceback (most recent call last):
  File "<stdin>", line 16, in <module>
  File "/usr/lib64/python2.7/runpy.py", line 176, in run_module
    fname, loader, pkg_name)
  File "/usr/lib64/python2.7/runpy.py", line 82, in _run_module_code
    mod_name, mod_fname, mod_loader, pkg_name)
  File "/usr/lib64/python2.7/runpy.py", line 72, in _run_code
    exec code in run_globals
  File "/tmp/ansible_ansible.legacy.yum_payload_fgjv_c12/ansible_ansible.legacy.yum_payload.zip/ansible/modules/yum.py", line 1818, in <module>
  File "/tmp/ansible_ansible.legacy.yum_payload_fgjv_c12/ansible_ansible.legacy.yum_payload.zip/ansible/modules/yum.py", line 1814, in main
  File "/tmp/ansible_ansible.legacy.yum_payload_fgjv_c12/ansible_ansible.legacy.yum_payload.zip/ansible/modules/yum.py", line 1758, in run
  File "/tmp/ansible_ansible.legacy.yum_payload_fgjv_c12/ansible_ansible.legacy.yum_payload.zip/ansible/modules/yum.py", line 562, in yum_base
  File "/usr/lib/python2.7/site-packages/yum/__init__.py", line 1079, in <lambda>
    conf = property(fget=lambda self: self._getConfig(),
  File "/usr/lib/python2.7/site-packages/yum/__init__.py", line 349, in _getConfig
    startupconf = config.readStartupConfig(fn, root, releasever)
  File "/usr/lib/python2.7/site-packages/yum/config.py", line 1119, in readStartupConfig
    startupconf.distroverpkg)
  File "/usr/lib/python2.7/site-packages/yum/config.py", line 1264, in _getsysver
    raise Errors.YumBaseError("Error: " + str(e))
yum.Errors.YumBaseError: Error: rpmdb open failed


2023-11-10 09:28:11,514 p=1844365 u=root n=ansible | PLAY RECAP *********************************************************************************************************************
2023-11-10 09:28:11,515 p=1844365 u=root n=ansible | hdfsdn01                   : ok=1    changed=0    unreachable=0    failed=1    skipped=0    rescued=0    ignored=0   
2023-11-10 12:50:12,574 p=1917992 u=root n=ansible | Using /home/ansadmin/playbooks/hdfs/ansible.cfg as config file
2023-11-10 12:50:18,071 p=1917992 u=root n=ansible | PLAY [Hadoop] ******************************************************************************************************************
2023-11-10 12:50:18,744 p=1917992 u=root n=ansible | TASK [Gathering Facts] *********************************************************************************************************
2023-11-10 12:50:27,177 p=1917992 u=root n=ansible | [WARNING]: Platform linux on host hdfsnn01 is using the discovered Python interpreter at /usr/bin/python3.6, but future
installation of another Python interpreter could change the meaning of that path. See https://docs.ansible.com/ansible-
core/2.14/reference_appendices/interpreter_discovery.html for more information.

2023-11-10 12:50:27,179 p=1917992 u=root n=ansible | ok: [hdfsnn01]
2023-11-10 12:50:30,591 p=1917992 u=root n=ansible | ok: [hdfsdn01]
2023-11-10 12:50:30,888 p=1917992 u=root n=ansible | TASK [update all packages] *****************************************************************************************************
2023-11-10 12:51:55,045 p=1917992 u=root n=ansible | changed: [hdfsnn01] => {
    "changed": true,
    "changes": {
        "installed": [],
        "updated": [
            [
                "microcode_ctl",
                "2:2.1-73.19.0.1.el7_9.x86_64 from ol7_latest"
            ],
            [
                "python3",
                "3.6.8-21.0.1.el7_9.x86_64 from ol7_latest"
            ],
            [
                "python3-libs",
                "3.6.8-21.0.1.el7_9.x86_64 from ol7_latest"
            ]
        ]
    },
    "rc": 0,
    "results": [
        "Loaded plugins: ulninfo\nResolving Dependencies\n--> Running transaction check\n---> Package microcode_ctl.x86_64 2:2.1-73.16.0.2.el7_9 will be updated\n---> Package microcode_ctl.x86_64 2:2.1-73.19.0.1.el7_9 will be an update\n---> Package python3.x86_64 0:3.6.8-19.0.1.el7_9 will be updated\n---> Package python3.x86_64 0:3.6.8-21.0.1.el7_9 will be an update\n---> Package python3-libs.x86_64 0:3.6.8-19.0.1.el7_9 will be updated\n---> Package python3-libs.x86_64 0:3.6.8-21.0.1.el7_9 will be an update\n--> Finished Dependency Resolution\n\nDependencies Resolved\n\n================================================================================\n Package           Arch       Version                      Repository      Size\n================================================================================\nUpdating:\n microcode_ctl     x86_64     2:2.1-73.19.0.1.el7_9        ol7_latest     6.8 M\n python3           x86_64     3.6.8-21.0.1.el7_9           ol7_latest      70 k\n python3-libs      x86_64     3.6.8-21.0.1.el7_9           ol7_latest     7.0 M\n\nTransaction Summary\n================================================================================\nUpgrade  3 Packages\n\nTotal download size: 14 M\nDownloading packages:\nDelta RPMs disabled because /usr/bin/applydeltarpm not installed.\n--------------------------------------------------------------------------------\nTotal                                              8.6 MB/s |  14 MB  00:01     \nRunning transaction check\nRunning transaction test\nTransaction test succeeded\nRunning transaction\n  Updating   : python3-3.6.8-21.0.1.el7_9.x86_64                            1/6 \n  Updating   : python3-libs-3.6.8-21.0.1.el7_9.x86_64                       2/6 \n  Updating   : 2:microcode_ctl-2.1-73.19.0.1.el7_9.x86_64                   3/6 \n  Cleanup    : 2:microcode_ctl-2.1-73.16.0.2.el7_9.x86_64                   4/6 \n  Cleanup    : python3-3.6.8-19.0.1.el7_9.x86_64                            5/6 \n  Cleanup    : python3-libs-3.6.8-19.0.1.el7_9.x86_64                       6/6 \n  Verifying  : python3-libs-3.6.8-21.0.1.el7_9.x86_64                       1/6 \n  Verifying  : python3-3.6.8-21.0.1.el7_9.x86_64                            2/6 \n  Verifying  : 2:microcode_ctl-2.1-73.19.0.1.el7_9.x86_64                   3/6 \n  Verifying  : python3-libs-3.6.8-19.0.1.el7_9.x86_64                       4/6 \n  Verifying  : python3-3.6.8-19.0.1.el7_9.x86_64                            5/6 \n  Verifying  : 2:microcode_ctl-2.1-73.16.0.2.el7_9.x86_64                   6/6 \n\nUpdated:\n  microcode_ctl.x86_64 2:2.1-73.19.0.1.el7_9                                    \n  python3.x86_64 0:3.6.8-21.0.1.el7_9                                           \n  python3-libs.x86_64 0:3.6.8-21.0.1.el7_9                                      \n\nComplete!\n"
    ]
}
2023-11-10 13:07:39,753 p=1917992 u=root n=ansible | changed: [hdfsdn01] => {
    "changed": true,
    "changes": {
        "installed": [],
        "updated": [
            [
                "microcode_ctl",
                "2:2.1-73.19.0.1.el7_9.x86_64 from ol7_latest"
            ],
            [
                "python3",
                "3.6.8-21.0.1.el7_9.x86_64 from ol7_latest"
            ],
            [
                "python3-libs",
                "3.6.8-21.0.1.el7_9.x86_64 from ol7_latest"
            ]
        ]
    },
    "rc": 0,
    "results": [
        "Loaded plugins: ulninfo\nResolving Dependencies\n--> Running transaction check\n---> Package microcode_ctl.x86_64 2:2.1-73.16.0.2.el7_9 will be updated\n---> Package microcode_ctl.x86_64 2:2.1-73.19.0.1.el7_9 will be an update\n---> Package python3.x86_64 0:3.6.8-19.0.1.el7_9 will be updated\n---> Package python3.x86_64 0:3.6.8-21.0.1.el7_9 will be an update\n---> Package python3-libs.x86_64 0:3.6.8-19.0.1.el7_9 will be updated\n---> Package python3-libs.x86_64 0:3.6.8-21.0.1.el7_9 will be an update\n--> Finished Dependency Resolution\n\nDependencies Resolved\n\n================================================================================\n Package           Arch       Version                      Repository      Size\n================================================================================\nUpdating:\n microcode_ctl     x86_64     2:2.1-73.19.0.1.el7_9        ol7_latest     6.8 M\n python3           x86_64     3.6.8-21.0.1.el7_9           ol7_latest      70 k\n python3-libs      x86_64     3.6.8-21.0.1.el7_9           ol7_latest     7.0 M\n\nTransaction Summary\n================================================================================\nUpgrade  3 Packages\n\nTotal download size: 14 M\nDownloading packages:\nDelta RPMs disabled because /usr/bin/applydeltarpm not installed.\n--------------------------------------------------------------------------------\nTotal                                              3.0 MB/s |  14 MB  00:04     \nRunning transaction check\nRunning transaction test\nTransaction test succeeded\nRunning transaction\n  Updating   : python3-3.6.8-21.0.1.el7_9.x86_64                            1/6 \n  Updating   : python3-libs-3.6.8-21.0.1.el7_9.x86_64                       2/6 \n  Updating   : 2:microcode_ctl-2.1-73.19.0.1.el7_9.x86_64                   3/6 \n  Cleanup    : 2:microcode_ctl-2.1-73.16.0.2.el7_9.x86_64                   4/6 \n  Cleanup    : python3-3.6.8-19.0.1.el7_9.x86_64                            5/6 \n  Cleanup    : python3-libs-3.6.8-19.0.1.el7_9.x86_64                       6/6 \n  Verifying  : python3-libs-3.6.8-21.0.1.el7_9.x86_64                       1/6 \n  Verifying  : python3-3.6.8-21.0.1.el7_9.x86_64                            2/6 \n  Verifying  : 2:microcode_ctl-2.1-73.19.0.1.el7_9.x86_64                   3/6 \n  Verifying  : python3-libs-3.6.8-19.0.1.el7_9.x86_64                       4/6 \n  Verifying  : python3-3.6.8-19.0.1.el7_9.x86_64                            5/6 \n  Verifying  : 2:microcode_ctl-2.1-73.16.0.2.el7_9.x86_64                   6/6 \n\nUpdated:\n  microcode_ctl.x86_64 2:2.1-73.19.0.1.el7_9                                    \n  python3.x86_64 0:3.6.8-21.0.1.el7_9                                           \n  python3-libs.x86_64 0:3.6.8-21.0.1.el7_9                                      \n\nComplete!\n"
    ]
}

MSG:

There are unfinished transactions remaining. You might consider running yum-complete-transaction, or "yum-complete-transaction --cleanup-only" and "yum history redo last", first to finish them. If those don't work you'll have to try removing/installing packages by hand (maybe package-cleanup can help).
Warning: RPMDB altered outside of yum.
** Found 52 pre-existing rpmdb problem(s), 'yum check' output follows:
bash-4.2.46-35.el7_9.x86_64 is a duplicate with bash-4.2.46-34.el7.x86_64
ca-certificates-2023.2.60_v7.0.306-72.el7_9.noarch is a duplicate with ca-certificates-2020.2.41-70.0.el7_8.noarch
coreutils-8.22-24.0.1.el7_9.2.x86_64 is a duplicate with coreutils-8.22-24.0.1.el7.x86_64
device-mapper-persistent-data-0.8.5-3.el7_9.2.x86_64 is a duplicate with device-mapper-persistent-data-0.8.5-3.el7.x86_64
diffutils-3.3-6.el7_9.x86_64 is a duplicate with diffutils-3.3-5.el7.x86_64
1:dmidecode-3.2-5.0.1.el7_9.1.x86_64 is a duplicate with 1:dmidecode-3.2-5.el7.x86_64
e2fsprogs-libs-1.45.4-3.0.5.el7.x86_64 is a duplicate with e2fsprogs-libs-1.42.9-19.el7.x86_64
expat-2.1.0-15.0.1.el7_9.x86_64 is a duplicate with expat-2.1.0-12.el7.x86_64
firewalld-filesystem-0.6.3-13.0.1.el7_9.noarch is a duplicate with firewalld-filesystem-0.6.3-11.0.1.el7.noarch
freetype-2.8-14.el7_9.1.x86_64 is a duplicate with freetype-2.8-14.el7.x86_64
fuse-2.9.4-1.0.9.el7.x86_64 is a duplicate with fuse-2.9.4-1.0.8.el7.x86_64
fuse-libs-2.9.4-1.0.9.el7.x86_64 is a duplicate with fuse-libs-2.9.4-1.0.8.el7.x86_64
glib2-2.56.1-9.el7_9.x86_64 is a duplicate with glib2-2.56.1-7.el7.x86_64
glibc-2.17-326.0.9.el7_9.x86_64 is a duplicate with glibc-2.17-317.0.1.el7.x86_64
glibc-common-2.17-326.0.9.el7_9.x86_64 is a duplicate with glibc-common-2.17-317.0.1.el7.x86_64
1:grub2-common-2.02-0.87.0.24.el7_9.9.noarch is a duplicate with 1:grub2-common-2.02-0.87.0.9.el7_9.6.noarch
1:grub2-pc-modules-2.02-0.87.0.24.el7_9.9.noarch is a duplicate with 1:grub2-pc-modules-2.02-0.87.0.9.el7_9.6.noarch
grubby-8.28-26.0.7.el7.x86_64 is a duplicate with grubby-8.28-26.0.3.el7.x86_64
iproute-5.15.0-1.0.3.el7.x86_64 is a duplicate with iproute-4.11.0-30.el7.x86_64
iptables-1.4.21-35.0.3.el7.x86_64 is a duplicate with iptables-1.4.21-35.0.1.el7.x86_64
kbd-misc-1.15.5-16.el7_9.noarch is a duplicate with kbd-misc-1.15.5-15.el7.noarch
kernel-tools-libs-3.10.0-1160.102.1.0.1.el7.x86_64 is a duplicate with kernel-tools-libs-3.10.0-1160.el7.x86_64
krb5-libs-1.15.1-55.0.1.el7_9.x86_64 is a duplicate with krb5-libs-1.15.1-50.el7.x86_64
libblkid-2.23.2-65.0.3.el7_9.1.x86_64 is a duplicate with libblkid-2.23.2-65.0.1.el7.x86_64
libcom_err-1.45.4-3.0.5.el7.x86_64 is a duplicate with libcom_err-1.42.9-19.el7.x86_64
libcroco-0.6.12-6.el7_9.x86_64 is a duplicate with libcroco-0.6.12-4.el7.x86_64
libmount-2.23.2-65.0.3.el7_9.1.x86_64 is a duplicate with libmount-2.23.2-65.0.1.el7.x86_64
libsmartcols-2.23.2-65.0.3.el7_9.1.x86_64 is a duplicate with libsmartcols-2.23.2-65.0.1.el7.x86_64
libss-1.45.4-3.0.5.el7.x86_64 is a duplicate with libss-1.42.9-19.el7.x86_64
libuuid-2.23.2-65.0.3.el7_9.1.x86_64 is a duplicate with libuuid-2.23.2-65.0.1.el7.x86_64
libxml2-2.9.1-6.0.3.el7_9.6.x86_64 is a duplicate with libxml2-2.9.1-6.0.1.el7.5.x86_64
999:linux-firmware-20230516-999.27.git6c9e0ed5.el7.noarch is a duplicate with 999:linux-firmware-20200902-999.5.gitd5f9eea5.el7.noarch
nspr-4.35.0-1.el7_9.x86_64 is a duplicate with nspr-4.21.0-1.el7.x86_64
nss-softokn-3.90.0-6.0.1.el7_9.x86_64 is a duplicate with nss-softokn-3.44.0-8.0.1.el7_7.x86_64
nss-softokn-freebl-3.90.0-6.0.1.el7_9.x86_64 is a duplicate with nss-softokn-freebl-3.44.0-8.0.1.el7_7.x86_64
nss-util-3.90.0-1.el7_9.x86_64 is a duplicate with nss-util-3.44.0-4.el7_7.x86_64
numactl-libs-2.0.12-5.0.3.el7.x86_64 is a duplicate with numactl-libs-2.0.12-5.el7.x86_64
1:openssl-libs-1.0.2k-26.el7_9.x86_64 is a duplicate with 1:openssl-libs-1.0.2k-19.0.1.el7.x86_64
7:oraclelinux-release-7.9-1.0.11.el7.x86_64 is a duplicate with 7:oraclelinux-release-7.9-1.0.9.el7.x86_64
pciutils-libs-3.5.1-3.0.1.el7.x86_64 is a duplicate with pciutils-libs-3.5.1-3.el7.x86_64
procps-ng-3.3.10-28.0.1.el7.x86_64 is a duplicate with procps-ng-3.3.10-28.el7.x86_64
python-2.7.5-93.0.1.el7_9.x86_64 is a duplicate with python-2.7.5-89.0.1.el7.x86_64
python-libs-2.7.5-93.0.1.el7_9.x86_64 is a duplicate with python-libs-2.7.5-89.0.1.el7.x86_64
1:redhat-release-server-7.9-6.0.1.el7_9.x86_64 is a duplicate with 1:redhat-release-server-7.9-3.0.1.el7.x86_64
systemd-libs-219-78.0.10.el7_9.7.x86_64 is a duplicate with systemd-libs-219-78.0.1.el7.x86_64
tzdata-2023c-1.el7.noarch is a duplicate with tzdata-2020a-1.el7.noarch
util-linux-2.23.2-65.0.3.el7_9.1.x86_64 is a duplicate with util-linux-2.23.2-65.0.1.el7.x86_64
2:vim-minimal-7.4.629-8.0.1.el7_9.x86_64 is a duplicate with 2:vim-minimal-7.4.629-7.0.1.el7.x86_64
virt-what-1.18-4.el7_9.1.x86_64 is a duplicate with virt-what-1.18-4.el7.x86_64
xz-5.2.2-2.el7_9.x86_64 is a duplicate with xz-5.2.2-1.el7.x86_64
xz-libs-5.2.2-2.el7_9.x86_64 is a duplicate with xz-libs-5.2.2-1.el7.x86_64
zlib-1.2.7-21.el7_9.x86_64 is a duplicate with zlib-1.2.7-18.el7.x86_64


2023-11-10 13:07:39,927 p=1917992 u=root n=ansible | TASK [Runing Play] *************************************************************************************************************
2023-11-10 13:07:40,226 p=1917992 u=root n=ansible | ok: [hdfsnn01] => {}

MSG:

Running Hadoop on hdfsnn01

2023-11-10 13:07:40,304 p=1917992 u=root n=ansible | ok: [hdfsdn01] => {}

MSG:

Running Hadoop on hdfsdn01

2023-11-10 13:07:40,427 p=1917992 u=root n=ansible | TASK [Os level] ****************************************************************************************************************
2023-11-10 13:07:40,710 p=1917992 u=root n=ansible | ok: [hdfsnn01] => {}

MSG:

Running on OracleLinux version 7

2023-11-10 13:07:40,795 p=1917992 u=root n=ansible | ok: [hdfsdn01] => {}

MSG:

Running on OracleLinux version 7

2023-11-10 13:07:40,892 p=1917992 u=root n=ansible | TASK [check variables] *********************************************************************************************************
2023-11-10 13:07:41,339 p=1917992 u=root n=ansible | included: /home/ansadmin/playbooks/hdfs/tasks/check_vars.yml for hdfsnn01, hdfsdn01
2023-11-10 13:07:41,381 p=1917992 u=root n=ansible | TASK [check for ansible 1.x] ***************************************************************************************************
2023-11-10 13:07:41,749 p=1917992 u=root n=ansible | skipping: [hdfsnn01] => {
    "changed": false,
    "skip_reason": "Conditional result was False"
}
2023-11-10 13:07:41,832 p=1917992 u=root n=ansible | skipping: [hdfsdn01] => {
    "changed": false,
    "skip_reason": "Conditional result was False"
}
2023-11-10 13:07:41,917 p=1917992 u=root n=ansible | TASK [install dependencies] ****************************************************************************************************
2023-11-10 13:07:42,336 p=1917992 u=root n=ansible | included: /home/ansadmin/playbooks/hdfs/tasks/dependencies.yml for hdfsnn01, hdfsdn01
2023-11-10 13:07:42,387 p=1917992 u=root n=ansible | TASK [install default dependencies] ********************************************************************************************
2023-11-10 13:07:44,746 p=1917992 u=root n=ansible | ok: [hdfsnn01] => {
    "changed": false,
    "rc": 0,
    "results": [
        "unzip-6.0-24.0.1.el7_9.x86_64 providing unzip is already installed",
        "2:tar-1.26-35.el7.x86_64 providing tar is already installed",
        "dos2unix-6.0.3-7.el7.x86_64 providing dos2unix is already installed",
        "1:java-11-openjdk-11.0.21.0.9-1.0.1.el7_9.x86_64 providing java-11-openjdk is already installed",
        "1:java-11-openjdk-devel-11.0.21.0.9-1.0.1.el7_9.x86_64 providing java-11-openjdk-devel is already installed",
        "python3-3.6.8-21.0.1.el7_9.x86_64 providing python3 is already installed",
        "htop-2.2.0-3.el7.x86_64 providing htop is already installed",
        "atop-2.7.1-1.el7.x86_64 providing atop is already installed",
        "tree-1.6.0-10.el7.x86_64 providing tree is already installed",
        "bcc-0.10.0-1.0.1.el7.x86_64 providing bcc is already installed",
        "bpfmon-2.51-4.el7.x86_64 providing bpfmon is already installed",
        "bpftool-3.10.0-1160.102.1.0.1.el7.x86_64 providing bpftool is already installed",
        "bcc-tools-0.10.0-1.0.1.el7.x86_64 providing bcc-tools is already installed",
        "python-bcc-0.10.0-1.0.1.el7.x86_64 providing python-bcc is already installed",
        "1:openssl-devel-1.0.2k-26.el7_9.x86_64 providing openssl-devel is already installed",
        "redhat-lsb-core-4.1-27.0.1.el7.x86_64 providing redhat-lsb-core is already installed",
        "fuse-2.9.4-1.0.9.el7.x86_64 providing fuse is already installed",
        "elinks-0.12-0.37.pre6.el7.x86_64 providing elinks is already installed",
        "autoconf-2.69-11.el7.noarch providing autoconf is already installed",
        "krb5-workstation-1.15.1-55.0.1.el7_9.x86_64 providing krb5-workstation is already installed",
        "krb5-libs-1.15.1-55.0.1.el7_9.x86_64 providing krb5-libs is already installed",
        "rpcbind-0.2.0-49.el7.x86_64 providing rpcbind is already installed",
        "1:nfs-utils-1.3.0-0.68.0.1.el7.2.x86_64 providing nfs-utils is already installed",
        "samba-4.10.16-25.0.1.el7_9.x86_64 providing samba is already installed",
        "tzdata-java-2023c-1.el7.noarch providing tzdata-java is already installed",
        "checkpolicy-2.5-8.el7.x86_64 providing checkpolicy is already installed",
        "secilc-2.5-1.el7.x86_64 providing secilc is already installed",
        "secilc-doc-2.5-1.el7.noarch providing secilc-doc is already installed",
        "setroubleshoot-server-3.2.30-8.0.3.el7.x86_64 providing setroubleshoot-server is already installed",
        "setroubleshoot-3.2.30-8.0.3.el7.x86_64 providing setroubleshoot is already installed",
        "selinux-policy-3.13.1-268.0.17.el7_9.2.noarch providing selinux-policy is already installed",
        "selinux-policy-devel-3.13.1-268.0.17.el7_9.2.noarch providing selinux-policy-devel is already installed",
        "selinux-policy-minimum-3.13.1-268.0.17.el7_9.2.noarch providing selinux-policy-minimum is already installed",
        "selinux-policy-mls-3.13.1-268.0.17.el7_9.2.noarch providing selinux-policy-mls is already installed",
        "selinux-policy-targeted-3.13.1-268.0.17.el7_9.2.noarch providing selinux-policy-targeted is already installed"
    ]
}
2023-11-10 13:15:16,849 p=1917992 u=root n=ansible | changed: [hdfsdn01] => {
    "changed": true,
    "changes": {
        "installed": [
            "nfs-utils",
            "samba"
        ]
    },
    "rc": 0,
    "results": [
        "unzip-6.0-24.0.1.el7_9.x86_64 providing unzip is already installed",
        "2:tar-1.26-35.el7.x86_64 providing tar is already installed",
        "dos2unix-6.0.3-7.el7.x86_64 providing dos2unix is already installed",
        "1:java-11-openjdk-11.0.21.0.9-1.0.1.el7_9.x86_64 providing java-11-openjdk is already installed",
        "1:java-11-openjdk-devel-11.0.21.0.9-1.0.1.el7_9.x86_64 providing java-11-openjdk-devel is already installed",
        "python3-3.6.8-21.0.1.el7_9.x86_64 providing python3 is already installed",
        "htop-2.2.0-3.el7.x86_64 providing htop is already installed",
        "atop-2.7.1-1.el7.x86_64 providing atop is already installed",
        "tree-1.6.0-10.el7.x86_64 providing tree is already installed",
        "bcc-0.10.0-1.0.1.el7.x86_64 providing bcc is already installed",
        "bpfmon-2.51-4.el7.x86_64 providing bpfmon is already installed",
        "bpftool-3.10.0-1160.102.1.0.1.el7.x86_64 providing bpftool is already installed",
        "bcc-tools-0.10.0-1.0.1.el7.x86_64 providing bcc-tools is already installed",
        "python-bcc-0.10.0-1.0.1.el7.x86_64 providing python-bcc is already installed",
        "1:openssl-devel-1.0.2k-26.el7_9.x86_64 providing openssl-devel is already installed",
        "redhat-lsb-core-4.1-27.0.1.el7.x86_64 providing redhat-lsb-core is already installed",
        "fuse-2.9.4-1.0.9.el7.x86_64 providing fuse is already installed",
        "elinks-0.12-0.37.pre6.el7.x86_64 providing elinks is already installed",
        "autoconf-2.69-11.el7.noarch providing autoconf is already installed",
        "krb5-workstation-1.15.1-55.0.1.el7_9.x86_64 providing krb5-workstation is already installed",
        "krb5-libs-1.15.1-55.0.1.el7_9.x86_64 providing krb5-libs is already installed",
        "rpcbind-0.2.0-49.el7.x86_64 providing rpcbind is already installed",
        "tzdata-java-2023c-1.el7.noarch providing tzdata-java is already installed",
        "checkpolicy-2.5-8.el7.x86_64 providing checkpolicy is already installed",
        "secilc-2.5-1.el7.x86_64 providing secilc is already installed",
        "secilc-doc-2.5-1.el7.noarch providing secilc-doc is already installed",
        "setroubleshoot-server-3.2.30-8.0.3.el7.x86_64 providing setroubleshoot-server is already installed",
        "setroubleshoot-3.2.30-8.0.3.el7.x86_64 providing setroubleshoot is already installed",
        "selinux-policy-3.13.1-268.0.17.el7_9.2.noarch providing selinux-policy is already installed",
        "selinux-policy-devel-3.13.1-268.0.17.el7_9.2.noarch providing selinux-policy-devel is already installed",
        "selinux-policy-minimum-3.13.1-268.0.17.el7_9.2.noarch providing selinux-policy-minimum is already installed",
        "selinux-policy-mls-3.13.1-268.0.17.el7_9.2.noarch providing selinux-policy-mls is already installed",
        "selinux-policy-targeted-3.13.1-268.0.17.el7_9.2.noarch providing selinux-policy-targeted is already installed",
        "Loaded plugins: ulninfo\nResolving Dependencies\n--> Running transaction check\n---> Package nfs-utils.x86_64 1:1.3.0-0.68.0.1.el7.2 will be installed\n--> Processing Dependency: gssproxy >= 0.7.0-3 for package: 1:nfs-utils-1.3.0-0.68.0.1.el7.2.x86_64\n--> Processing Dependency: keyutils for package: 1:nfs-utils-1.3.0-0.68.0.1.el7.2.x86_64\n--> Processing Dependency: libevent for package: 1:nfs-utils-1.3.0-0.68.0.1.el7.2.x86_64\n--> Processing Dependency: libnfsidmap for package: 1:nfs-utils-1.3.0-0.68.0.1.el7.2.x86_64\n--> Processing Dependency: quota for package: 1:nfs-utils-1.3.0-0.68.0.1.el7.2.x86_64\n--> Processing Dependency: libevent-2.0.so.5()(64bit) for package: 1:nfs-utils-1.3.0-0.68.0.1.el7.2.x86_64\n--> Processing Dependency: libnfsidmap.so.0()(64bit) for package: 1:nfs-utils-1.3.0-0.68.0.1.el7.2.x86_64\n---> Package samba.x86_64 0:4.10.16-25.0.1.el7_9 will be installed\n--> Processing Dependency: libwbclient = 4.10.16-25.0.1.el7_9 for package: samba-4.10.16-25.0.1.el7_9.x86_64\n--> Processing Dependency: libwbclient = 4.10.16-25.0.1.el7_9 for package: samba-4.10.16-25.0.1.el7_9.x86_64\n--> Processing Dependency: samba-client-libs = 4.10.16-25.0.1.el7_9 for package: samba-4.10.16-25.0.1.el7_9.x86_64\n--> Processing Dependency: samba-common = 4.10.16-25.0.1.el7_9 for package: samba-4.10.16-25.0.1.el7_9.x86_64\n--> Processing Dependency: samba-common = 4.10.16-25.0.1.el7_9 for package: samba-4.10.16-25.0.1.el7_9.x86_64\n--> Processing Dependency: samba-common-libs = 4.10.16-25.0.1.el7_9 for package: samba-4.10.16-25.0.1.el7_9.x86_64\n--> Processing Dependency: samba-common-tools = 4.10.16-25.0.1.el7_9 for package: samba-4.10.16-25.0.1.el7_9.x86_64\n--> Processing Dependency: samba-libs = 4.10.16-25.0.1.el7_9 for package: samba-4.10.16-25.0.1.el7_9.x86_64\n--> Processing Dependency: libCHARSET3-samba4.so(SAMBA_4.10.16)(64bit) for package: samba-4.10.16-25.0.1.el7_9.x86_64\n--> Processing Dependency: libauth-samba4.so(SAMBA_4.10.16)(64bit) for package: samba-4.10.16-25.0.1.el7_9.x86_64\n--> Processing Dependency: libcli-cldap-samba4.so(SAMBA_4.10.16)(64bit) for package: samba-4.10.16-25.0.1.el7_9.x86_64\n--> Processing Dependency: libcli-nbt-samba4.so(SAMBA_4.10.16)(64bit) for package: samba-4.10.16-25.0.1.el7_9.x86_64\n--> Processing Dependency: libcli-smb-common-samba4.so(SAMBA_4.10.16)(64bit) for package: samba-4.10.16-25.0.1.el7_9.x86_64\n--> Processing Dependency: libcliauth-samba4.so(SAMBA_4.10.16)(64bit) for package: samba-4.10.16-25.0.1.el7_9.x86_64\n--> Processing Dependency: libcmdline-contexts-samba4.so(SAMBA_4.10.16)(64bit) for package: samba-4.10.16-25.0.1.el7_9.x86_64\n--> Processing Dependency: libdbwrap-samba4.so(SAMBA_4.10.16)(64bit) for package: samba-4.10.16-25.0.1.el7_9.x86_64\n--> Processing Dependency: libgenrand-samba4.so(SAMBA_4.10.16)(64bit) for package: samba-4.10.16-25.0.1.el7_9.x86_64\n--> Processing Dependency: libgse-samba4.so(SAMBA_4.10.16)(64bit) for package: samba-4.10.16-25.0.1.el7_9.x86_64\n--> Processing Dependency: liblibsmb-samba4.so(SAMBA_4.10.16)(64bit) for package: samba-4.10.16-25.0.1.el7_9.x86_64\n--> Processing Dependency: libmessages-dgm-samba4.so(SAMBA_4.10.16)(64bit) for package: samba-4.10.16-25.0.1.el7_9.x86_64\n--> Processing Dependency: libmsghdr-samba4.so(SAMBA_4.10.16)(64bit) for package: samba-4.10.16-25.0.1.el7_9.x86_64\n--> Processing Dependency: libndr-nbt.so.0(NDR_NBT_0.0.1)(64bit) for package: samba-4.10.16-25.0.1.el7_9.x86_64\n--> Processing Dependency: libndr-samba-samba4.so(SAMBA_4.10.16)(64bit) for package: samba-4.10.16-25.0.1.el7_9.x86_64\n--> Processing Dependency: libndr-standard.so.0(NDR_STANDARD_0.0.1)(64bit) for package: samba-4.10.16-25.0.1.el7_9.x86_64\n--> Processing Dependency: libndr.so.0(NDR_0.0.1)(64bit) for package: samba-4.10.16-25.0.1.el7_9.x86_64\n--> Processing Dependency: libpopt-samba3-samba4.so(SAMBA_4.10.16)(64bit) for package: samba-4.10.16-25.0.1.el7_9.x86_64\n--> Processing Dependency: libreplace-samba4.so(SAMBA_4.10.16)(64bit) for package: samba-4.10.16-25.0.1.el7_9.x86_64\n--> Processing Dependency: libsamba-cluster-support-samba4.so(SAMBA_4.10.16)(64bit) for package: samba-4.10.16-25.0.1.el7_9.x86_64\n--> Processing Dependency: libsamba-debug-samba4.so(SAMBA_4.10.16)(64bit) for package: samba-4.10.16-25.0.1.el7_9.x86_64\n--> Processing Dependency: libsamba-errors.so.1(SAMBA_ERRORS_1)(64bit) for package: samba-4.10.16-25.0.1.el7_9.x86_64\n--> Processing Dependency: libsamba-hostconfig.so.0(SAMBA_HOSTCONFIG_0.0.1)(64bit) for package: samba-4.10.16-25.0.1.el7_9.x86_64\n--> Processing Dependency: libsamba-passdb.so.0(SAMBA_PASSDB_0.2.0)(64bit) for package: samba-4.10.16-25.0.1.el7_9.x86_64\n--> Processing Dependency: libsamba-security-samba4.so(SAMBA_4.10.16)(64bit) for package: samba-4.10.16-25.0.1.el7_9.x86_64\n--> Processing Dependency: libsamba-sockets-samba4.so(SAMBA_4.10.16)(64bit) for package: samba-4.10.16-25.0.1.el7_9.x86_64\n--> Processing Dependency: libsamba-util.so.0(SAMBA_UTIL_0.0.1)(64bit) for package: samba-4.10.16-25.0.1.el7_9.x86_64\n--> Processing Dependency: libsamba3-util-samba4.so(SAMBA_4.10.16)(64bit) for package: samba-4.10.16-25.0.1.el7_9.x86_64\n--> Processing Dependency: libsecrets3-samba4.so(SAMBA_4.10.16)(64bit) for package: samba-4.10.16-25.0.1.el7_9.x86_64\n--> Processing Dependency: libserver-id-db-samba4.so(SAMBA_4.10.16)(64bit) for package: samba-4.10.16-25.0.1.el7_9.x86_64\n--> Processing Dependency: libsmb-transport-samba4.so(SAMBA_4.10.16)(64bit) for package: samba-4.10.16-25.0.1.el7_9.x86_64\n--> Processing Dependency: libsmbconf.so.0(SMBCONF_0)(64bit) for package: samba-4.10.16-25.0.1.el7_9.x86_64\n--> Processing Dependency: libsmbd-base-samba4.so(SAMBA_4.10.16)(64bit) for package: samba-4.10.16-25.0.1.el7_9.x86_64\n--> Processing Dependency: libsmbd-shim-samba4.so(SAMBA_4.10.16)(64bit) for package: samba-4.10.16-25.0.1.el7_9.x86_64\n--> Processing Dependency: libsocket-blocking-samba4.so(SAMBA_4.10.16)(64bit) for package: samba-4.10.16-25.0.1.el7_9.x86_64\n--> Processing Dependency: libsys-rw-samba4.so(SAMBA_4.10.16)(64bit) for package: samba-4.10.16-25.0.1.el7_9.x86_64\n--> Processing Dependency: libtalloc.so.2(TALLOC_2.0.2)(64bit) for package: samba-4.10.16-25.0.1.el7_9.x86_64\n--> Processing Dependency: libtdb.so.1(TDB_1.2.1)(64bit) for package: samba-4.10.16-25.0.1.el7_9.x86_64\n--> Processing Dependency: libtdb.so.1(TDB_1.2.5)(64bit) for package: samba-4.10.16-25.0.1.el7_9.x86_64\n--> Processing Dependency: libtevent-util.so.0(TEVENT_UTIL_0.0.1)(64bit) for package: samba-4.10.16-25.0.1.el7_9.x86_64\n--> Processing Dependency: libtevent.so.0(TEVENT_0.9.16)(64bit) for package: samba-4.10.16-25.0.1.el7_9.x86_64\n--> Processing Dependency: libtevent.so.0(TEVENT_0.9.21)(64bit) for package: samba-4.10.16-25.0.1.el7_9.x86_64\n--> Processing Dependency: libtevent.so.0(TEVENT_0.9.9)(64bit) for package: samba-4.10.16-25.0.1.el7_9.x86_64\n--> Processing Dependency: libutil-reg-samba4.so(SAMBA_4.10.16)(64bit) for package: samba-4.10.16-25.0.1.el7_9.x86_64\n--> Processing Dependency: libutil-tdb-samba4.so(SAMBA_4.10.16)(64bit) for package: samba-4.10.16-25.0.1.el7_9.x86_64\n--> Processing Dependency: libxattr-tdb-samba4.so(SAMBA_4.10.16)(64bit) for package: samba-4.10.16-25.0.1.el7_9.x86_64\n--> Processing Dependency: libCHARSET3-samba4.so()(64bit) for package: samba-4.10.16-25.0.1.el7_9.x86_64\n--> Processing Dependency: libMESSAGING-SEND-samba4.so()(64bit) for package: samba-4.10.16-25.0.1.el7_9.x86_64\n--> Processing Dependency: libaddns-samba4.so()(64bit) for package: samba-4.10.16-25.0.1.el7_9.x86_64\n--> Processing Dependency: libads-samba4.so()(64bit) for package: samba-4.10.16-25.0.1.el7_9.x86_64\n--> Processing Dependency: libaesni-intel-samba4.so()(64bit) for package: samba-4.10.16-25.0.1.el7_9.x86_64\n--> Processing Dependency: libasn1util-samba4.so()(64bit) for package: samba-4.10.16-25.0.1.el7_9.x86_64\n--> Processing Dependency: libauth-samba4.so()(64bit) for package: samba-4.10.16-25.0.1.el7_9.x86_64\n--> Processing Dependency: libauthkrb5-samba4.so()(64bit) for package: samba-4.10.16-25.0.1.el7_9.x86_64\n--> Processing Dependency: libcli-cldap-samba4.so()(64bit) for package: samba-4.10.16-25.0.1.el7_9.x86_64\n--> Processing Dependency: libcli-ldap-common-samba4.so()(64bit) for package: samba-4.10.16-25.0.1.el7_9.x86_64\n--> Processing Dependency: libcli-ldap-samba4.so()(64bit) for package: samba-4.10.16-25.0.1.el7_9.x86_64\n--> Processing Dependency: libcli-nbt-samba4.so()(64bit) for package: samba-4.10.16-25.0.1.el7_9.x86_64\n--> Processing Dependency: libcli-smb-common-samba4.so()(64bit) for package: samba-4.10.16-25.0.1.el7_9.x86_64\n--> Processing Dependency: libcli-spoolss-samba4.so()(64bit) for package: samba-4.10.16-25.0.1.el7_9.x86_64\n--> Processing Dependency: libcliauth-samba4.so()(64bit) for package: samba-4.10.16-25.0.1.el7_9.x86_64\n--> Processing Dependency: libclidns-samba4.so()(64bit) for package: samba-4.10.16-25.0.1.el7_9.x86_64\n--> Processing Dependency: libcluster-samba4.so()(64bit) for package: samba-4.10.16-25.0.1.el7_9.x86_64\n--> Processing Dependency: libcmdline-contexts-samba4.so()(64bit) for package: samba-4.10.16-25.0.1.el7_9.x86_64\n--> Processing Dependency: libcommon-auth-samba4.so()(64bit) for package: samba-4.10.16-25.0.1.el7_9.x86_64\n--> Processing Dependency: libdbwrap-samba4.so()(64bit) for package: samba-4.10.16-25.0.1.el7_9.x86_64\n--> Processing Dependency: libdcerpc-binding.so.0()(64bit) for package: samba-4.10.16-25.0.1.el7_9.x86_64\n--> Processing Dependency: libdcerpc-samba-samba4.so()(64bit) for package: samba-4.10.16-25.0.1.el7_9.x86_64\n--> Processing Dependency: libevents-samba4.so()(64bit) for package: samba-4.10.16-25.0.1.el7_9.x86_64\n--> Processing Dependency: libflag-mapping-samba4.so()(64bit) for package: samba-4.10.16-25.0.1.el7_9.x86_64\n--> Processing Dependency: libgenrand-samba4.so()(64bit) for package: samba-4.10.16-25.0.1.el7_9.x86_64\n--> Processing Dependency: libgensec-samba4.so()(64bit) for package: samba-4.10.16-25.0.1.el7_9.x86_64\n--> Processing Dependency: libgse-samba4.so()(64bit) for package: samba-4.10.16-25.0.1.el7_9.x86_64\n--> Processing Dependency: libinterfaces-samba4.so()(64bit) for package: samba-4.10.16-25.0.1.el7_9.x86_64\n--> Processing Dependency: libiov-buf-samba4.so()(64bit) for package: samba-4.10.16-25.0.1.el7_9.x86_64\n--> Processing Dependency: libkrb5samba-samba4.so()(64bit) for package: samba-4.10.16-25.0.1.el7_9.x86_64\n--> Processing Dependency: libldb.so.1()(64bit) for package: samba-4.10.16-25.0.1.el7_9.x86_64\n--> Processing Dependency: libldbsamba-samba4.so()(64bit) for package: samba-4.10.16-25.0.1.el7_9.x86_64\n--> Processing Dependency: liblibcli-lsa3-samba4.so()(64bit) for package: samba-4.10.16-25.0.1.el7_9.x86_64\n--> Processing Dependency: liblibcli-netlogon3-samba4.so()(64bit) for package: samba-4.10.16-25.0.1.el7_9.x86_64\n--> Processing Dependency: liblibsmb-samba4.so()(64bit) for package: samba-4.10.16-25.0.1.el7_9.x86_64\n--> Processing Dependency: libmessages-dgm-samba4.so()(64bit) for package: samba-4.10.16-25.0.1.el7_9.x86_64\n--> Processing Dependency: libmessages-util-samba4.so()(64bit) for package: samba-4.10.16-25.0.1.el7_9.x86_64\n--> Processing Dependency: libmsghdr-samba4.so()(64bit) for package: samba-4.10.16-25.0.1.el7_9.x86_64\n--> Processing Dependency: libmsrpc3-samba4.so()(64bit) for package: samba-4.10.16-25.0.1.el7_9.x86_64\n--> Processing Dependency: libndr-krb5pac.so.0()(64bit) for package: samba-4.10.16-25.0.1.el7_9.x86_64\n--> Processing Dependency: libndr-nbt.so.0()(64bit) for package: samba-4.10.16-25.0.1.el7_9.x86_64\n--> Processing Dependency: libndr-samba-samba4.so()(64bit) for package: samba-4.10.16-25.0.1.el7_9.x86_64\n--> Processing Dependency: libndr-samba4.so()(64bit) for package: samba-4.10.16-25.0.1.el7_9.x86_64\n--> Processing Dependency: libndr-standard.so.0()(64bit) for package: samba-4.10.16-25.0.1.el7_9.x86_64\n--> Processing Dependency: libndr.so.0()(64bit) for package: samba-4.10.16-25.0.1.el7_9.x86_64\n--> Processing Dependency: libnet-keytab-samba4.so()(64bit) for package: samba-4.10.16-25.0.1.el7_9.x86_64\n--> Processing Dependency: libnetapi.so.0()(64bit) for package: samba-4.10.16-25.0.1.el7_9.x86_64\n--> Processing Dependency: libnetif-samba4.so()(64bit) for package: samba-4.10.16-25.0.1.el7_9.x86_64\n--> Processing Dependency: libnpa-tstream-samba4.so()(64bit) for package: samba-4.10.16-25.0.1.el7_9.x86_64\n--> Processing Dependency: libpopt-samba3-samba4.so()(64bit) for package: samba-4.10.16-25.0.1.el7_9.x86_64\n--> Processing Dependency: libprinting-migrate-samba4.so()(64bit) for package: samba-4.10.16-25.0.1.el7_9.x86_64\n--> Processing Dependency: libreplace-samba4.so()(64bit) for package: samba-4.10.16-25.0.1.el7_9.x86_64\n--> Processing Dependency: libsamba-cluster-support-samba4.so()(64bit) for package: samba-4.10.16-25.0.1.el7_9.x86_64\n--> Processing Dependency: libsamba-credentials.so.0()(64bit) for package: samba-4.10.16-25.0.1.el7_9.x86_64\n--> Processing Dependency: libsamba-debug-samba4.so()(64bit) for package: samba-4.10.16-25.0.1.el7_9.x86_64\n--> Processing Dependency: libsamba-errors.so.1()(64bit) for package: samba-4.10.16-25.0.1.el7_9.x86_64\n--> Processing Dependency: libsamba-hostconfig.so.0()(64bit) for package: samba-4.10.16-25.0.1.el7_9.x86_64\n--> Processing Dependency: libsamba-modules-samba4.so()(64bit) for package: samba-4.10.16-25.0.1.el7_9.x86_64\n--> Processing Dependency: libsamba-passdb.so.0()(64bit) for package: samba-4.10.16-25.0.1.el7_9.x86_64\n--> Processing Dependency: libsamba-security-samba4.so()(64bit) for package: samba-4.10.16-25.0.1.el7_9.x86_64\n--> Processing Dependency: libsamba-sockets-samba4.so()(64bit) for package: samba-4.10.16-25.0.1.el7_9.x86_64\n--> Processing Dependency: libsamba-util.so.0()(64bit) for package: samba-4.10.16-25.0.1.el7_9.x86_64\n--> Processing Dependency: libsamba3-util-samba4.so()(64bit) for package: samba-4.10.16-25.0.1.el7_9.x86_64\n--> Processing Dependency: libsamdb-common-samba4.so()(64bit) for package: samba-4.10.16-25.0.1.el7_9.x86_64\n--> Processing Dependency: libsamdb.so.0()(64bit) for package: samba-4.10.16-25.0.1.el7_9.x86_64\n--> Processing Dependency: libsecrets3-samba4.so()(64bit) for package: samba-4.10.16-25.0.1.el7_9.x86_64\n--> Processing Dependency: libserver-id-db-samba4.so()(64bit) for package: samba-4.10.16-25.0.1.el7_9.x86_64\n--> Processing Dependency: libserver-role-samba4.so()(64bit) for package: samba-4.10.16-25.0.1.el7_9.x86_64\n--> Processing Dependency: libsmb-transport-samba4.so()(64bit) for package: samba-4.10.16-25.0.1.el7_9.x86_64\n--> Processing Dependency: libsmbconf.so.0()(64bit) for package: samba-4.10.16-25.0.1.el7_9.x86_64\n--> Processing Dependency: libsmbd-base-samba4.so()(64bit) for package: samba-4.10.16-25.0.1.el7_9.x86_64\n--> Processing Dependency: libsmbd-conn-samba4.so()(64bit) for package: samba-4.10.16-25.0.1.el7_9.x86_64\n--> Processing Dependency: libsmbd-shim-samba4.so()(64bit) for package: samba-4.10.16-25.0.1.el7_9.x86_64\n--> Processing Dependency: libsmbldap.so.2()(64bit) for package: samba-4.10.16-25.0.1.el7_9.x86_64\n--> Processing Dependency: libsocket-blocking-samba4.so()(64bit) for package: samba-4.10.16-25.0.1.el7_9.x86_64\n--> Processing Dependency: libsys-rw-samba4.so()(64bit) for package: samba-4.10.16-25.0.1.el7_9.x86_64\n--> Processing Dependency: libtalloc-report-samba4.so()(64bit) for package: samba-4.10.16-25.0.1.el7_9.x86_64\n--> Processing Dependency: libtalloc.so.2()(64bit) for package: samba-4.10.16-25.0.1.el7_9.x86_64\n--> Processing Dependency: libtdb-wrap-samba4.so()(64bit) for package: samba-4.10.16-25.0.1.el7_9.x86_64\n--> Processing Dependency: libtdb.so.1()(64bit) for package: samba-4.10.16-25.0.1.el7_9.x86_64\n--> Processing Dependency: libtevent-util.so.0()(64bit) for package: samba-4.10.16-25.0.1.el7_9.x86_64\n--> Processing Dependency: libtevent.so.0()(64bit) for package: samba-4.10.16-25.0.1.el7_9.x86_64\n--> Processing Dependency: libtime-basic-samba4.so()(64bit) for package: samba-4.10.16-25.0.1.el7_9.x86_64\n--> Processing Dependency: libtrusts-util-samba4.so()(64bit) for package: samba-4.10.16-25.0.1.el7_9.x86_64\n--> Processing Dependency: libutil-cmdline-samba4.so()(64bit) for package: samba-4.10.16-25.0.1.el7_9.x86_64\n--> Processing Dependency: libutil-reg-samba4.so()(64bit) for package: samba-4.10.16-25.0.1.el7_9.x86_64\n--> Processing Dependency: libutil-setid-samba4.so()(64bit) for package: samba-4.10.16-25.0.1.el7_9.x86_64\n--> Processing Dependency: libutil-tdb-samba4.so()(64bit) for package: samba-4.10.16-25.0.1.el7_9.x86_64\n--> Processing Dependency: libwbclient.so.0()(64bit) for package: samba-4.10.16-25.0.1.el7_9.x86_64\n--> Processing Dependency: libwinbind-client-samba4.so()(64bit) for package: samba-4.10.16-25.0.1.el7_9.x86_64\n--> Processing Dependency: libxattr-tdb-samba4.so()(64bit) for package: samba-4.10.16-25.0.1.el7_9.x86_64\n--> Running transaction check\n---> Package gssproxy.x86_64 0:0.7.0-30.el7_9 will be installed\n--> Processing Dependency: libini_config >= 1.3.1-31 for package: gssproxy-0.7.0-30.el7_9.x86_64\n--> Processing Dependency: libini_config.so.3(INI_CONFIG_1.1.0)(64bit) for package: gssproxy-0.7.0-30.el7_9.x86_64\n--> Processing Dependency: libini_config.so.3(INI_CONFIG_1.2.0)(64bit) for package: gssproxy-0.7.0-30.el7_9.x86_64\n--> Processing Dependency: libref_array.so.1(REF_ARRAY_0.1.1)(64bit) for package: gssproxy-0.7.0-30.el7_9.x86_64\n--> Processing Dependency: libverto-module-base for package: gssproxy-0.7.0-30.el7_9.x86_64\n--> Processing Dependency: libbasicobjects.so.0()(64bit) for package: gssproxy-0.7.0-30.el7_9.x86_64\n--> Processing Dependency: libcollection.so.2()(64bit) for package: gssproxy-0.7.0-30.el7_9.x86_64\n--> Processing Dependency: libini_config.so.3()(64bit) for package: gssproxy-0.7.0-30.el7_9.x86_64\n--> Processing Dependency: libref_array.so.1()(64bit) for package: gssproxy-0.7.0-30.el7_9.x86_64\n---> Package keyutils.x86_64 0:1.5.8-3.el7 will be installed\n---> Package libevent.x86_64 0:2.0.21-4.el7 will be installed\n---> Package libldb.x86_64 0:1.5.4-2.el7_9 will be installed\n---> Package libnfsidmap.x86_64 0:0.25-19.el7 will be installed\n---> Package libtalloc.x86_64 0:2.1.16-1.el7 will be installed\n---> Package libtdb.x86_64 0:1.3.18-1.el7 will be installed\n---> Package libtevent.x86_64 0:0.9.39-1.el7 will be installed\n---> Package libwbclient.x86_64 0:4.10.16-25.0.1.el7_9 will be installed\n---> Package quota.x86_64 1:4.01-19.el7 will be installed\n--> Processing Dependency: quota-nls = 1:4.01-19.el7 for package: 1:quota-4.01-19.el7.x86_64\n--> Processing Dependency: tcp_wrappers for package: 1:quota-4.01-19.el7.x86_64\n---> Package samba-client-libs.x86_64 0:4.10.16-25.0.1.el7_9 will be installed\n---> Package samba-common.noarch 0:4.10.16-25.0.1.el7_9 will be installed\n---> Package samba-common-libs.x86_64 0:4.10.16-25.0.1.el7_9 will be installed\n---> Package samba-common-tools.x86_64 0:4.10.16-25.0.1.el7_9 will be installed\n---> Package samba-libs.x86_64 0:4.10.16-25.0.1.el7_9 will be installed\n--> Processing Dependency: libpytalloc-util.so.2(PYTALLOC_UTIL_2.0.6)(64bit) for package: samba-libs-4.10.16-25.0.1.el7_9.x86_64\n--> Processing Dependency: libpytalloc-util.so.2(PYTALLOC_UTIL_2.1.6)(64bit) for package: samba-libs-4.10.16-25.0.1.el7_9.x86_64\n--> Processing Dependency: libpytalloc-util.so.2(PYTALLOC_UTIL_2.1.9)(64bit) for package: samba-libs-4.10.16-25.0.1.el7_9.x86_64\n--> Processing Dependency: libpyldb-util.so.1()(64bit) for package: samba-libs-4.10.16-25.0.1.el7_9.x86_64\n--> Processing Dependency: libpytalloc-util.so.2()(64bit) for package: samba-libs-4.10.16-25.0.1.el7_9.x86_64\n--> Running transaction check\n---> Package libbasicobjects.x86_64 0:0.1.1-32.el7 will be installed\n---> Package libcollection.x86_64 0:0.7.0-32.el7 will be installed\n---> Package libini_config.x86_64 0:1.3.1-32.el7 will be installed\n--> Processing Dependency: libpath_utils.so.1(PATH_UTILS_0.2.1)(64bit) for package: libini_config-1.3.1-32.el7.x86_64\n--> Processing Dependency: libpath_utils.so.1()(64bit) for package: libini_config-1.3.1-32.el7.x86_64\n---> Package libref_array.x86_64 0:0.1.5-32.el7 will be installed\n---> Package libverto-tevent.x86_64 0:0.2.5-4.el7 will be installed\n---> Package pyldb.x86_64 0:1.5.4-2.el7_9 will be installed\n--> Processing Dependency: python-tdb(x86-64) >= 1.3.18 for package: pyldb-1.5.4-2.el7_9.x86_64\n---> Package pytalloc.x86_64 0:2.1.16-1.el7 will be installed\n---> Package quota-nls.noarch 1:4.01-19.el7 will be installed\n---> Package tcp_wrappers.x86_64 0:7.6-77.el7 will be installed\n--> Running transaction check\n---> Package libpath_utils.x86_64 0:0.2.1-32.el7 will be installed\n---> Package python-tdb.x86_64 0:1.3.18-1.el7 will be installed\n--> Finished Dependency Resolution\n\nDependencies Resolved\n\n================================================================================\n Package               Arch      Version                    Repository     Size\n================================================================================\nInstalling:\n nfs-utils             x86_64    1:1.3.0-0.68.0.1.el7.2     ol7_latest    413 k\n samba                 x86_64    4.10.16-25.0.1.el7_9       ol7_latest    720 k\nInstalling for dependencies:\n gssproxy              x86_64    0.7.0-30.el7_9             ol7_latest    110 k\n keyutils              x86_64    1.5.8-3.el7                ol7_latest     53 k\n libbasicobjects       x86_64    0.1.1-32.el7               ol7_latest     25 k\n libcollection         x86_64    0.7.0-32.el7               ol7_latest     41 k\n libevent              x86_64    2.0.21-4.el7               ol7_latest    208 k\n libini_config         x86_64    1.3.1-32.el7               ol7_latest     63 k\n libldb                x86_64    1.5.4-2.el7_9              ol7_latest    148 k\n libnfsidmap           x86_64    0.25-19.el7                ol7_latest     49 k\n libpath_utils         x86_64    0.2.1-32.el7               ol7_latest     28 k\n libref_array          x86_64    0.1.5-32.el7               ol7_latest     27 k\n libtalloc             x86_64    2.1.16-1.el7               ol7_latest     32 k\n libtdb                x86_64    1.3.18-1.el7               ol7_latest     49 k\n libtevent             x86_64    0.9.39-1.el7               ol7_latest     40 k\n libverto-tevent       x86_64    0.2.5-4.el7                ol7_latest    8.4 k\n libwbclient           x86_64    4.10.16-25.0.1.el7_9       ol7_latest    116 k\n pyldb                 x86_64    1.5.4-2.el7_9              ol7_latest     48 k\n pytalloc              x86_64    2.1.16-1.el7               ol7_latest     17 k\n python-tdb            x86_64    1.3.18-1.el7               ol7_latest     19 k\n quota                 x86_64    1:4.01-19.el7              ol7_latest    178 k\n quota-nls             noarch    1:4.01-19.el7              ol7_latest     90 k\n samba-client-libs     x86_64    4.10.16-25.0.1.el7_9       ol7_latest    5.0 M\n samba-common          noarch    4.10.16-25.0.1.el7_9       ol7_latest    219 k\n samba-common-libs     x86_64    4.10.16-25.0.1.el7_9       ol7_latest    183 k\n samba-common-tools    x86_64    4.10.16-25.0.1.el7_9       ol7_latest    467 k\n samba-libs            x86_64    4.10.16-25.0.1.el7_9       ol7_latest    271 k\n tcp_wrappers          x86_64    7.6-77.el7                 ol7_latest     78 k\n\nTransaction Summary\n================================================================================\nInstall  2 Packages (+26 Dependent packages)\n\nTotal download size: 8.6 M\nInstalled size: 28 M\nDownloading packages:\n--------------------------------------------------------------------------------\nTotal                                              1.5 MB/s | 8.6 MB  00:05     \nRunning transaction check\nRunning transaction test\nTransaction test succeeded\nRunning transaction\n  Installing : libtalloc-2.1.16-1.el7.x86_64                               1/28 \n  Installing : libtevent-0.9.39-1.el7.x86_64                               2/28 \n  Installing : libtdb-1.3.18-1.el7.x86_64                                  3/28 \n  Installing : libldb-1.5.4-2.el7_9.x86_64                                 4/28 \n  Installing : samba-common-4.10.16-25.0.1.el7_9.noarch                    5/28 \n  Installing : libwbclient-4.10.16-25.0.1.el7_9.x86_64                     6/28 \n  Installing : samba-client-libs-4.10.16-25.0.1.el7_9.x86_64               7/28 \n  Installing : samba-common-libs-4.10.16-25.0.1.el7_9.x86_64               8/28 \n  Installing : libref_array-0.1.5-32.el7.x86_64                            9/28 \n  Installing : libcollection-0.7.0-32.el7.x86_64                          10/28 \n  Installing : libbasicobjects-0.1.1-32.el7.x86_64                        11/28 \n  Installing : python-tdb-1.3.18-1.el7.x86_64                             12/28 \n  Installing : pyldb-1.5.4-2.el7_9.x86_64                                 13/28 \n  Installing : libverto-tevent-0.2.5-4.el7.x86_64                         14/28 \n  Installing : pytalloc-2.1.16-1.el7.x86_64                               15/28 \n  Installing : samba-libs-4.10.16-25.0.1.el7_9.x86_64                     16/28 \n  Installing : samba-common-tools-4.10.16-25.0.1.el7_9.x86_64             17/28 \n  Installing : 1:quota-nls-4.01-19.el7.noarch                             18/28 \n  Installing : tcp_wrappers-7.6-77.el7.x86_64                             19/28 \n  Installing : 1:quota-4.01-19.el7.x86_64                                 20/28 \n  Installing : keyutils-1.5.8-3.el7.x86_64                                21/28 \n  Installing : libnfsidmap-0.25-19.el7.x86_64                             22/28 \n  Installing : libpath_utils-0.2.1-32.el7.x86_64                          23/28 \n  Installing : libini_config-1.3.1-32.el7.x86_64                          24/28 \n  Installing : gssproxy-0.7.0-30.el7_9.x86_64                             25/28 \n  Installing : libevent-2.0.21-4.el7.x86_64                               26/28 \n  Installing : 1:nfs-utils-1.3.0-0.68.0.1.el7.2.x86_64                    27/28 \n  Installing : samba-4.10.16-25.0.1.el7_9.x86_64                          28/28 \n  Verifying  : gssproxy-0.7.0-30.el7_9.x86_64                              1/28 \n  Verifying  : libverto-tevent-0.2.5-4.el7.x86_64                          2/28 \n  Verifying  : 1:nfs-utils-1.3.0-0.68.0.1.el7.2.x86_64                     3/28 \n  Verifying  : pyldb-1.5.4-2.el7_9.x86_64                                  4/28 \n  Verifying  : libtevent-0.9.39-1.el7.x86_64                               5/28 \n  Verifying  : samba-4.10.16-25.0.1.el7_9.x86_64                           6/28 \n  Verifying  : samba-client-libs-4.10.16-25.0.1.el7_9.x86_64               7/28 \n  Verifying  : libbasicobjects-0.1.1-32.el7.x86_64                         8/28 \n  Verifying  : libldb-1.5.4-2.el7_9.x86_64                                 9/28 \n  Verifying  : pytalloc-2.1.16-1.el7.x86_64                               10/28 \n  Verifying  : libini_config-1.3.1-32.el7.x86_64                          11/28 \n  Verifying  : python-tdb-1.3.18-1.el7.x86_64                             12/28 \n  Verifying  : samba-common-libs-4.10.16-25.0.1.el7_9.x86_64              13/28 \n  Verifying  : samba-common-4.10.16-25.0.1.el7_9.noarch                   14/28 \n  Verifying  : libevent-2.0.21-4.el7.x86_64                               15/28 \n  Verifying  : libtalloc-2.1.16-1.el7.x86_64                              16/28 \n  Verifying  : libcollection-0.7.0-32.el7.x86_64                          17/28 \n  Verifying  : libref_array-0.1.5-32.el7.x86_64                           18/28 \n  Verifying  : libwbclient-4.10.16-25.0.1.el7_9.x86_64                    19/28 \n  Verifying  : samba-libs-4.10.16-25.0.1.el7_9.x86_64                     20/28 \n  Verifying  : libpath_utils-0.2.1-32.el7.x86_64                          21/28 \n  Verifying  : 1:quota-4.01-19.el7.x86_64                                 22/28 \n  Verifying  : samba-common-tools-4.10.16-25.0.1.el7_9.x86_64             23/28 \n  Verifying  : libnfsidmap-0.25-19.el7.x86_64                             24/28 \n  Verifying  : keyutils-1.5.8-3.el7.x86_64                                25/28 \n  Verifying  : tcp_wrappers-7.6-77.el7.x86_64                             26/28 \n  Verifying  : 1:quota-nls-4.01-19.el7.noarch                             27/28 \n  Verifying  : libtdb-1.3.18-1.el7.x86_64                                 28/28 \n\nInstalled:\n  nfs-utils.x86_64 1:1.3.0-0.68.0.1.el7.2  samba.x86_64 0:4.10.16-25.0.1.el7_9 \n\nDependency Installed:\n  gssproxy.x86_64 0:0.7.0-30.el7_9                                              \n  keyutils.x86_64 0:1.5.8-3.el7                                                 \n  libbasicobjects.x86_64 0:0.1.1-32.el7                                         \n  libcollection.x86_64 0:0.7.0-32.el7                                           \n  libevent.x86_64 0:2.0.21-4.el7                                                \n  libini_config.x86_64 0:1.3.1-32.el7                                           \n  libldb.x86_64 0:1.5.4-2.el7_9                                                 \n  libnfsidmap.x86_64 0:0.25-19.el7                                              \n  libpath_utils.x86_64 0:0.2.1-32.el7                                           \n  libref_array.x86_64 0:0.1.5-32.el7                                            \n  libtalloc.x86_64 0:2.1.16-1.el7                                               \n  libtdb.x86_64 0:1.3.18-1.el7                                                  \n  libtevent.x86_64 0:0.9.39-1.el7                                               \n  libverto-tevent.x86_64 0:0.2.5-4.el7                                          \n  libwbclient.x86_64 0:4.10.16-25.0.1.el7_9                                     \n  pyldb.x86_64 0:1.5.4-2.el7_9                                                  \n  pytalloc.x86_64 0:2.1.16-1.el7                                                \n  python-tdb.x86_64 0:1.3.18-1.el7                                              \n  quota.x86_64 1:4.01-19.el7                                                    \n  quota-nls.noarch 1:4.01-19.el7                                                \n  samba-client-libs.x86_64 0:4.10.16-25.0.1.el7_9                               \n  samba-common.noarch 0:4.10.16-25.0.1.el7_9                                    \n  samba-common-libs.x86_64 0:4.10.16-25.0.1.el7_9                               \n  samba-common-tools.x86_64 0:4.10.16-25.0.1.el7_9                              \n  samba-libs.x86_64 0:4.10.16-25.0.1.el7_9                                      \n  tcp_wrappers.x86_64 0:7.6-77.el7                                              \n\nComplete!\n"
    ]
}

MSG:

There are unfinished transactions remaining. You might consider running yum-complete-transaction, or "yum-complete-transaction --cleanup-only" and "yum history redo last", first to finish them. If those don't work you'll have to try removing/installing packages by hand (maybe package-cleanup can help).


2023-11-10 13:15:16,959 p=1917992 u=root n=ansible | TASK [install oracle8 dependencies] ********************************************************************************************
2023-11-10 13:15:17,184 p=1917992 u=root n=ansible | skipping: [hdfsnn01] => {
    "changed": false,
    "skip_reason": "Conditional result was False"
}
2023-11-10 13:15:17,269 p=1917992 u=root n=ansible | skipping: [hdfsdn01] => {
    "changed": false,
    "skip_reason": "Conditional result was False"
}
2023-11-10 13:15:17,384 p=1917992 u=root n=ansible | TASK [create users] ************************************************************************************************************
2023-11-10 13:15:17,866 p=1917992 u=root n=ansible | included: /home/ansadmin/playbooks/hdfs/tasks/users.yml for hdfsnn01, hdfsdn01
2023-11-10 13:15:17,896 p=1917992 u=root n=ansible | TASK [ensure group hadoop exists] **********************************************************************************************
2023-11-10 13:15:19,525 p=1917992 u=root n=ansible | ok: [hdfsnn01] => {
    "changed": false,
    "gid": 1000,
    "name": "hadoop",
    "state": "present",
    "system": false
}
2023-11-10 13:15:23,122 p=1917992 u=root n=ansible | ok: [hdfsdn01] => {
    "changed": false,
    "gid": 1000,
    "name": "hadoop",
    "state": "present",
    "system": false
}
2023-11-10 13:15:23,228 p=1917992 u=root n=ansible | TASK [create hadoop user] ******************************************************************************************************
2023-11-10 13:15:25,028 p=1917992 u=root n=ansible | ok: [hdfsnn01] => {
    "append": false,
    "changed": false,
    "comment": "",
    "group": 1000,
    "home": "/home/hadoop",
    "move_home": false,
    "name": "hadoop",
    "shell": "/bin/bash",
    "state": "present",
    "uid": 1000
}
2023-11-10 13:15:25,233 p=1917992 u=root n=ansible | ok: [hdfsdn01] => {
    "append": false,
    "changed": false,
    "comment": "",
    "group": 1000,
    "home": "/home/hadoop",
    "move_home": false,
    "name": "hadoop",
    "shell": "/bin/bash",
    "state": "present",
    "uid": 1000
}
2023-11-10 13:15:25,352 p=1917992 u=root n=ansible | TASK [ensure group hdfs exists] ************************************************************************************************
2023-11-10 13:15:26,270 p=1917992 u=root n=ansible | ok: [hdfsnn01] => {
    "changed": false,
    "gid": 1001,
    "name": "hdfs",
    "state": "present",
    "system": false
}
2023-11-10 13:15:26,413 p=1917992 u=root n=ansible | ok: [hdfsdn01] => {
    "changed": false,
    "gid": 1001,
    "name": "hdfs",
    "state": "present",
    "system": false
}
2023-11-10 13:15:26,565 p=1917992 u=root n=ansible | TASK [create hdfs user] ********************************************************************************************************
2023-11-10 13:15:27,718 p=1917992 u=root n=ansible | ok: [hdfsnn01] => {
    "append": false,
    "changed": false,
    "comment": "",
    "group": 1000,
    "home": "/home/hdfs",
    "move_home": false,
    "name": "hdfs",
    "shell": "/bin/bash",
    "state": "present",
    "uid": 1001
}
2023-11-10 13:15:27,893 p=1917992 u=root n=ansible | ok: [hdfsdn01] => {
    "append": false,
    "changed": false,
    "comment": "",
    "group": 1000,
    "home": "/home/hdfs",
    "move_home": false,
    "name": "hdfs",
    "shell": "/bin/bash",
    "state": "present",
    "uid": 1001
}
2023-11-10 13:15:27,987 p=1917992 u=root n=ansible | TASK [ensure group yarn exists] ************************************************************************************************
2023-11-10 13:15:28,996 p=1917992 u=root n=ansible | ok: [hdfsnn01] => {
    "changed": false,
    "gid": 1002,
    "name": "yarn",
    "state": "present",
    "system": false
}
2023-11-10 13:15:29,159 p=1917992 u=root n=ansible | ok: [hdfsdn01] => {
    "changed": false,
    "gid": 1002,
    "name": "yarn",
    "state": "present",
    "system": false
}
2023-11-10 13:15:29,254 p=1917992 u=root n=ansible | TASK [create yarn user] ********************************************************************************************************
2023-11-10 13:15:30,377 p=1917992 u=root n=ansible | ok: [hdfsdn01] => {
    "append": false,
    "changed": false,
    "comment": "",
    "group": 1000,
    "home": "/home/yarn",
    "move_home": false,
    "name": "yarn",
    "shell": "/bin/bash",
    "state": "present",
    "uid": 1002
}
2023-11-10 13:15:30,565 p=1917992 u=root n=ansible | ok: [hdfsnn01] => {
    "append": false,
    "changed": false,
    "comment": "",
    "group": 1000,
    "home": "/home/yarn",
    "move_home": false,
    "name": "yarn",
    "shell": "/bin/bash",
    "state": "present",
    "uid": 1002
}
2023-11-10 13:15:30,664 p=1917992 u=root n=ansible | TASK [ensure group mapred exists] **********************************************************************************************
2023-11-10 13:15:31,555 p=1917992 u=root n=ansible | ok: [hdfsnn01] => {
    "changed": false,
    "gid": 1003,
    "name": "mapred",
    "state": "present",
    "system": false
}
2023-11-10 13:15:31,757 p=1917992 u=root n=ansible | ok: [hdfsdn01] => {
    "changed": false,
    "gid": 1003,
    "name": "mapred",
    "state": "present",
    "system": false
}
2023-11-10 13:15:31,839 p=1917992 u=root n=ansible | TASK [create mapred user] ******************************************************************************************************
2023-11-10 13:15:32,878 p=1917992 u=root n=ansible | ok: [hdfsnn01] => {
    "append": false,
    "changed": false,
    "comment": "",
    "group": 1000,
    "home": "/home/mapred",
    "move_home": false,
    "name": "mapred",
    "shell": "/bin/bash",
    "state": "present",
    "uid": 1003
}
2023-11-10 13:15:33,301 p=1917992 u=root n=ansible | ok: [hdfsdn01] => {
    "append": false,
    "changed": false,
    "comment": "",
    "group": 1000,
    "home": "/home/mapred",
    "move_home": false,
    "name": "mapred",
    "shell": "/bin/bash",
    "state": "present",
    "uid": 1003
}
2023-11-10 13:15:33,410 p=1917992 u=root n=ansible | TASK [ensure group zookeeper exists] *******************************************************************************************
2023-11-10 13:15:33,693 p=1917992 u=root n=ansible | skipping: [hdfsnn01] => {
    "changed": false,
    "skip_reason": "Conditional result was False"
}
2023-11-10 13:15:33,803 p=1917992 u=root n=ansible | skipping: [hdfsdn01] => {
    "changed": false,
    "skip_reason": "Conditional result was False"
}
2023-11-10 13:15:33,881 p=1917992 u=root n=ansible | TASK [create zookeeper user] ***************************************************************************************************
2023-11-10 13:15:34,180 p=1917992 u=root n=ansible | skipping: [hdfsnn01] => {
    "changed": false,
    "skip_reason": "Conditional result was False"
}
2023-11-10 13:15:34,271 p=1917992 u=root n=ansible | skipping: [hdfsdn01] => {
    "changed": false,
    "skip_reason": "Conditional result was False"
}
2023-11-10 13:15:34,383 p=1917992 u=root n=ansible | TASK [download packages] *******************************************************************************************************
2023-11-10 13:15:34,861 p=1917992 u=root n=ansible | included: /home/ansadmin/playbooks/hdfs/tasks/download.yml for hdfsnn01, hdfsdn01
2023-11-10 13:15:34,967 p=1917992 u=root n=ansible | TASK [download hadoop] *********************************************************************************************************
2023-11-10 13:16:38,830 p=1917992 u=root n=ansible | changed: [hdfsnn01] => {
    "changed": true,
    "checksum_dest": null,
    "checksum_src": "92a9cf93ef7019aa63fcb9759b6d3a446b778714",
    "dest": "/tmp/hadoop-3.3.6.tar.gz",
    "elapsed": 50,
    "gid": 0,
    "group": "root",
    "md5sum": "1cbe1214299cd3bd282d33d3934b5cbd",
    "mode": "0644",
    "owner": "root",
    "secontext": "unconfined_u:object_r:admin_home_t:s0",
    "size": 730107476,
    "src": "/root/.ansible/tmp/ansible-moduletmp-1699622136.5315332-zu_42688/tmpiybtnsry",
    "state": "file",
    "status_code": 200,
    "uid": 0,
    "url": "https://archive.apache.org/dist/hadoop/common/hadoop-3.3.6/hadoop-3.3.6.tar.gz"
}

MSG:

OK (730107476 bytes)

2023-11-10 13:16:44,479 p=1917992 u=root n=ansible | changed: [hdfsdn01] => {
    "changed": true,
    "checksum_dest": null,
    "checksum_src": "92a9cf93ef7019aa63fcb9759b6d3a446b778714",
    "dest": "/tmp/hadoop-3.3.6.tar.gz",
    "elapsed": 48,
    "gid": 0,
    "group": "root",
    "md5sum": "1cbe1214299cd3bd282d33d3934b5cbd",
    "mode": "0644",
    "owner": "root",
    "secontext": "unconfined_u:object_r:admin_home_t:s0",
    "size": 730107476,
    "src": "/root/.ansible/tmp/ansible-moduletmp-1699622137.3151836-_ydssy5s/tmp3ssbbi9y",
    "state": "file",
    "status_code": 200,
    "uid": 0,
    "url": "https://archive.apache.org/dist/hadoop/common/hadoop-3.3.6/hadoop-3.3.6.tar.gz"
}

MSG:

OK (730107476 bytes)

2023-11-10 13:16:44,590 p=1917992 u=root n=ansible | TASK [create hadoop destination directory] *************************************************************************************
2023-11-10 13:16:46,073 p=1917992 u=root n=ansible | ok: [hdfsnn01] => {
    "changed": false,
    "gid": 1000,
    "group": "hadoop",
    "mode": "0755",
    "owner": "hadoop",
    "path": "/usr/lib/hadoop",
    "secontext": "unconfined_u:object_r:lib_t:s0",
    "size": 37,
    "state": "directory",
    "uid": 1000
}
2023-11-10 13:16:49,530 p=1917992 u=root n=ansible | ok: [hdfsdn01] => {
    "changed": false,
    "gid": 1000,
    "group": "hadoop",
    "mode": "0755",
    "owner": "hadoop",
    "path": "/usr/lib/hadoop",
    "secontext": "unconfined_u:object_r:lib_t:s0",
    "size": 26,
    "state": "directory",
    "uid": 1000
}
2023-11-10 13:16:49,710 p=1917992 u=root n=ansible | TASK [extract hadoop] **********************************************************************************************************
2023-11-10 13:16:50,527 p=1917992 u=root n=ansible | skipping: [hdfsnn01] => {
    "changed": false
}

MSG:

skipped, since /usr/lib/hadoop/hadoop-3.3.6/ exists

2023-11-10 13:16:51,140 p=1917992 u=root n=ansible | skipping: [hdfsdn01] => {
    "changed": false
}

MSG:

skipped, since /usr/lib/hadoop/hadoop-3.3.6/ exists

2023-11-10 13:16:51,230 p=1917992 u=root n=ansible | TASK [download zookeeper] ******************************************************************************************************
2023-11-10 13:16:51,615 p=1917992 u=root n=ansible | skipping: [hdfsnn01] => {
    "changed": false,
    "skip_reason": "Conditional result was False"
}
2023-11-10 13:16:51,714 p=1917992 u=root n=ansible | skipping: [hdfsdn01] => {
    "changed": false,
    "skip_reason": "Conditional result was False"
}
2023-11-10 13:16:51,795 p=1917992 u=root n=ansible | TASK [create zookeeper destination directory] **********************************************************************************
2023-11-10 13:16:52,057 p=1917992 u=root n=ansible | skipping: [hdfsnn01] => {
    "changed": false,
    "skip_reason": "Conditional result was False"
}
2023-11-10 13:16:52,146 p=1917992 u=root n=ansible | skipping: [hdfsdn01] => {
    "changed": false,
    "skip_reason": "Conditional result was False"
}
2023-11-10 13:16:52,230 p=1917992 u=root n=ansible | TASK [extract zookeeper] *******************************************************************************************************
2023-11-10 13:16:52,548 p=1917992 u=root n=ansible | skipping: [hdfsnn01] => {
    "changed": false,
    "skip_reason": "Conditional result was False"
}
2023-11-10 13:16:52,631 p=1917992 u=root n=ansible | skipping: [hdfsdn01] => {
    "changed": false,
    "skip_reason": "Conditional result was False"
}
2023-11-10 13:16:52,717 p=1917992 u=root n=ansible | TASK [install packages] ********************************************************************************************************
2023-11-10 13:16:53,348 p=1917992 u=root n=ansible | included: /home/ansadmin/playbooks/hdfs/tasks/install.yml for hdfsnn01, hdfsdn01
2023-11-10 13:16:53,456 p=1917992 u=root n=ansible | TASK [Set File limits in /etc/security] ****************************************************************************************
2023-11-10 13:16:55,949 p=1917992 u=root n=ansible | ok: [hdfsnn01] => {
    "changed": false,
    "checksum": "ae8522f2e983aad6e99daa63894fde9f6df787f8",
    "dest": "/etc/security/limits.conf",
    "gid": 0,
    "group": "root",
    "mode": "0644",
    "owner": "root",
    "path": "/etc/security/limits.conf",
    "secontext": "system_u:object_r:etc_t:s0",
    "size": 1080,
    "state": "file",
    "uid": 0
}
2023-11-10 13:16:57,151 p=1917992 u=root n=ansible | changed: [hdfsdn01] => {
    "backup_file": "/etc/security/limits.conf.31072.2023-11-10@13:16:56~",
    "changed": true,
    "checksum": "ae8522f2e983aad6e99daa63894fde9f6df787f8",
    "dest": "/etc/security/limits.conf",
    "gid": 0,
    "group": "root",
    "md5sum": "de61c723a49d8e053dbb548ab825accf",
    "mode": "0644",
    "owner": "root",
    "secontext": "system_u:object_r:etc_t:s0",
    "size": 1080,
    "src": "/root/.ansible/tmp/ansible-tmp-1699622214.1581047-1927764-254832765859510/source",
    "state": "file",
    "uid": 0
}
2023-11-10 13:16:57,278 p=1917992 u=root n=ansible | TASK [proccess sysctl.conf] ****************************************************************************************************
2023-11-10 13:16:58,456 p=1917992 u=root n=ansible | ok: [hdfsnn01] => {
    "changed": false
}
2023-11-10 13:16:58,626 p=1917992 u=root n=ansible | ok: [hdfsdn01] => {
    "changed": false
}
2023-11-10 13:16:58,713 p=1917992 u=root n=ansible | TASK [Set up bash_rc] **********************************************************************************************************
2023-11-10 13:16:59,643 p=1917992 u=root n=ansible | changed: [hdfsnn01] => {
    "backup_file": "/root/.bashrc.7146.2023-11-10@13:16:59~",
    "changed": true
}

MSG:

Block inserted

2023-11-10 13:16:59,752 p=1917992 u=root n=ansible | changed: [hdfsdn01] => {
    "backup_file": "/root/.bashrc.31104.2023-11-10@13:16:59~",
    "changed": true
}

MSG:

Block inserted

2023-11-10 13:16:59,849 p=1917992 u=root n=ansible | TASK [Source the bashrc file] **************************************************************************************************
2023-11-10 13:17:01,150 p=1917992 u=root n=ansible | changed: [hdfsnn01] => {
    "changed": true,
    "cmd": "source /root/.bashrc",
    "delta": "0:00:00.015036",
    "end": "2023-11-10 13:17:01.103528",
    "rc": 0,
    "start": "2023-11-10 13:17:01.088492"
}
2023-11-10 13:17:01,355 p=1917992 u=root n=ansible | changed: [hdfsdn01] => {
    "changed": true,
    "cmd": "source /root/.bashrc",
    "delta": "0:00:00.016255",
    "end": "2023-11-10 13:17:01.284893",
    "rc": 0,
    "start": "2023-11-10 13:17:01.268638"
}
2023-11-10 13:17:01,505 p=1917992 u=root n=ansible | TASK [create hadoop config directory] ******************************************************************************************
2023-11-10 13:17:02,265 p=1917992 u=root n=ansible | ok: [hdfsnn01] => {
    "changed": false,
    "gid": 1000,
    "group": "hadoop",
    "mode": "0755",
    "owner": "hadoop",
    "path": "/etc/hadoop/",
    "secontext": "unconfined_u:object_r:etc_t:s0",
    "size": 18,
    "state": "directory",
    "uid": 1000
}
2023-11-10 13:17:02,547 p=1917992 u=root n=ansible | ok: [hdfsdn01] => {
    "changed": false,
    "gid": 1000,
    "group": "hadoop",
    "mode": "0755",
    "owner": "hadoop",
    "path": "/etc/hadoop/",
    "secontext": "unconfined_u:object_r:etc_t:s0",
    "size": 18,
    "state": "directory",
    "uid": 1000
}
2023-11-10 13:17:02,644 p=1917992 u=root n=ansible | TASK [create yarn directories] *************************************************************************************************
2023-11-10 13:17:03,745 p=1917992 u=root n=ansible | changed: [hdfsnn01] => (item=/usr/lib/hadoop/hadoop-3.3.6/) => {
    "ansible_loop_var": "item",
    "changed": true,
    "gid": 1002,
    "group": "yarn",
    "item": "/usr/lib/hadoop/hadoop-3.3.6/",
    "mode": "0755",
    "owner": "yarn",
    "path": "/usr/lib/hadoop/hadoop-3.3.6/",
    "secontext": "unconfined_u:object_r:lib_t:s0",
    "size": 4096,
    "state": "directory",
    "uid": 1002
}
2023-11-10 13:17:03,754 p=1917992 u=root n=ansible | changed: [hdfsdn01] => (item=/usr/lib/hadoop/hadoop-3.3.6/) => {
    "ansible_loop_var": "item",
    "changed": true,
    "gid": 1002,
    "group": "yarn",
    "item": "/usr/lib/hadoop/hadoop-3.3.6/",
    "mode": "0755",
    "owner": "yarn",
    "path": "/usr/lib/hadoop/hadoop-3.3.6/",
    "secontext": "unconfined_u:object_r:lib_t:s0",
    "size": 4096,
    "state": "directory",
    "uid": 1002
}
2023-11-10 13:17:04,446 p=1917992 u=root n=ansible | ok: [hdfsnn01] => (item=/var/log/hadoop-yarn) => {
    "ansible_loop_var": "item",
    "changed": false,
    "gid": 1002,
    "group": "yarn",
    "item": "/var/log/hadoop-yarn",
    "mode": "0755",
    "owner": "yarn",
    "path": "/var/log/hadoop-yarn",
    "secontext": "unconfined_u:object_r:var_log_t:s0",
    "size": 22,
    "state": "directory",
    "uid": 1002
}
2023-11-10 13:17:04,567 p=1917992 u=root n=ansible | ok: [hdfsdn01] => (item=/var/log/hadoop-yarn) => {
    "ansible_loop_var": "item",
    "changed": false,
    "gid": 1002,
    "group": "yarn",
    "item": "/var/log/hadoop-yarn",
    "mode": "0755",
    "owner": "yarn",
    "path": "/var/log/hadoop-yarn",
    "secontext": "unconfined_u:object_r:var_log_t:s0",
    "size": 22,
    "state": "directory",
    "uid": 1002
}
2023-11-10 13:17:05,186 p=1917992 u=root n=ansible | ok: [hdfsnn01] => (item=/var/run/hadoop-yarn) => {
    "ansible_loop_var": "item",
    "changed": false,
    "gid": 1002,
    "group": "yarn",
    "item": "/var/run/hadoop-yarn",
    "mode": "0755",
    "owner": "yarn",
    "path": "/var/run/hadoop-yarn",
    "secontext": "unconfined_u:object_r:var_run_t:s0",
    "size": 40,
    "state": "directory",
    "uid": 1002
}
2023-11-10 13:17:05,610 p=1917992 u=root n=ansible | changed: [hdfsdn01] => (item=/var/run/hadoop-yarn) => {
    "ansible_loop_var": "item",
    "changed": true,
    "gid": 1002,
    "group": "yarn",
    "item": "/var/run/hadoop-yarn",
    "mode": "0755",
    "owner": "yarn",
    "path": "/var/run/hadoop-yarn",
    "secontext": "unconfined_u:object_r:var_run_t:s0",
    "size": 40,
    "state": "directory",
    "uid": 1002
}
2023-11-10 13:17:05,888 p=1917992 u=root n=ansible | changed: [hdfsnn01] => (item=/tmp/hadoop-yarn) => {
    "ansible_loop_var": "item",
    "changed": true,
    "gid": 1002,
    "group": "yarn",
    "item": "/tmp/hadoop-yarn",
    "mode": "0755",
    "owner": "yarn",
    "path": "/tmp/hadoop-yarn",
    "secontext": "unconfined_u:object_r:user_tmp_t:s0",
    "size": 6,
    "state": "directory",
    "uid": 1002
}
2023-11-10 13:17:06,408 p=1917992 u=root n=ansible | changed: [hdfsdn01] => (item=/tmp/hadoop-yarn) => {
    "ansible_loop_var": "item",
    "changed": true,
    "gid": 1002,
    "group": "yarn",
    "item": "/tmp/hadoop-yarn",
    "mode": "0755",
    "owner": "yarn",
    "path": "/tmp/hadoop-yarn",
    "secontext": "unconfined_u:object_r:user_tmp_t:s0",
    "size": 6,
    "state": "directory",
    "uid": 1002
}
2023-11-10 13:17:06,597 p=1917992 u=root n=ansible | changed: [hdfsnn01] => (item=/tmp/hadoop-yarn/nm-local-dir) => {
    "ansible_loop_var": "item",
    "changed": true,
    "gid": 1002,
    "group": "yarn",
    "item": "/tmp/hadoop-yarn/nm-local-dir",
    "mode": "0755",
    "owner": "yarn",
    "path": "/tmp/hadoop-yarn/nm-local-dir",
    "secontext": "unconfined_u:object_r:user_tmp_t:s0",
    "size": 6,
    "state": "directory",
    "uid": 1002
}
2023-11-10 13:17:07,242 p=1917992 u=root n=ansible | changed: [hdfsdn01] => (item=/tmp/hadoop-yarn/nm-local-dir) => {
    "ansible_loop_var": "item",
    "changed": true,
    "gid": 1002,
    "group": "yarn",
    "item": "/tmp/hadoop-yarn/nm-local-dir",
    "mode": "0755",
    "owner": "yarn",
    "path": "/tmp/hadoop-yarn/nm-local-dir",
    "secontext": "unconfined_u:object_r:user_tmp_t:s0",
    "size": 6,
    "state": "directory",
    "uid": 1002
}
2023-11-10 13:17:07,269 p=1917992 u=root n=ansible | ok: [hdfsnn01] => (item=/var/log/hadoop-yarn/userlogs) => {
    "ansible_loop_var": "item",
    "changed": false,
    "gid": 1002,
    "group": "yarn",
    "item": "/var/log/hadoop-yarn/userlogs",
    "mode": "0755",
    "owner": "yarn",
    "path": "/var/log/hadoop-yarn/userlogs",
    "secontext": "unconfined_u:object_r:var_log_t:s0",
    "size": 6,
    "state": "directory",
    "uid": 1002
}
2023-11-10 13:17:08,071 p=1917992 u=root n=ansible | ok: [hdfsdn01] => (item=/var/log/hadoop-yarn/userlogs) => {
    "ansible_loop_var": "item",
    "changed": false,
    "gid": 1002,
    "group": "yarn",
    "item": "/var/log/hadoop-yarn/userlogs",
    "mode": "0755",
    "owner": "yarn",
    "path": "/var/log/hadoop-yarn/userlogs",
    "secontext": "unconfined_u:object_r:var_log_t:s0",
    "size": 6,
    "state": "directory",
    "uid": 1002
}
2023-11-10 13:17:08,180 p=1917992 u=root n=ansible | ok: [hdfsnn01] => (item=/var/log/hadoop-yarn/userlogs) => {
    "ansible_loop_var": "item",
    "changed": false,
    "gid": 1002,
    "group": "yarn",
    "item": "/var/log/hadoop-yarn/userlogs",
    "mode": "0755",
    "owner": "yarn",
    "path": "/var/log/hadoop-yarn/userlogs",
    "secontext": "unconfined_u:object_r:var_log_t:s0",
    "size": 6,
    "state": "directory",
    "uid": 1002
}
2023-11-10 13:17:08,610 p=1917992 u=root n=ansible | ok: [hdfsdn01] => (item=/var/log/hadoop-yarn/userlogs) => {
    "ansible_loop_var": "item",
    "changed": false,
    "gid": 1002,
    "group": "yarn",
    "item": "/var/log/hadoop-yarn/userlogs",
    "mode": "0755",
    "owner": "yarn",
    "path": "/var/log/hadoop-yarn/userlogs",
    "secontext": "unconfined_u:object_r:var_log_t:s0",
    "size": 6,
    "state": "directory",
    "uid": 1002
}
2023-11-10 13:17:08,719 p=1917992 u=root n=ansible | TASK [create mapred directories] ***********************************************************************************************
2023-11-10 13:17:09,849 p=1917992 u=root n=ansible | changed: [hdfsnn01] => (item=/usr/lib/hadoop/hadoop-3.3.6/) => {
    "ansible_loop_var": "item",
    "changed": true,
    "gid": 1003,
    "group": "mapred",
    "item": "/usr/lib/hadoop/hadoop-3.3.6/",
    "mode": "0755",
    "owner": "mapred",
    "path": "/usr/lib/hadoop/hadoop-3.3.6/",
    "secontext": "unconfined_u:object_r:lib_t:s0",
    "size": 4096,
    "state": "directory",
    "uid": 1003
}
2023-11-10 13:17:09,857 p=1917992 u=root n=ansible | changed: [hdfsdn01] => (item=/usr/lib/hadoop/hadoop-3.3.6/) => {
    "ansible_loop_var": "item",
    "changed": true,
    "gid": 1003,
    "group": "mapred",
    "item": "/usr/lib/hadoop/hadoop-3.3.6/",
    "mode": "0755",
    "owner": "mapred",
    "path": "/usr/lib/hadoop/hadoop-3.3.6/",
    "secontext": "unconfined_u:object_r:lib_t:s0",
    "size": 4096,
    "state": "directory",
    "uid": 1003
}
2023-11-10 13:17:10,604 p=1917992 u=root n=ansible | ok: [hdfsnn01] => (item=/var/log/hadoop-mapred) => {
    "ansible_loop_var": "item",
    "changed": false,
    "gid": 1003,
    "group": "mapred",
    "item": "/var/log/hadoop-mapred",
    "mode": "0755",
    "owner": "mapred",
    "path": "/var/log/hadoop-mapred",
    "secontext": "unconfined_u:object_r:var_log_t:s0",
    "size": 6,
    "state": "directory",
    "uid": 1003
}
2023-11-10 13:17:10,831 p=1917992 u=root n=ansible | ok: [hdfsdn01] => (item=/var/log/hadoop-mapred) => {
    "ansible_loop_var": "item",
    "changed": false,
    "gid": 1003,
    "group": "mapred",
    "item": "/var/log/hadoop-mapred",
    "mode": "0755",
    "owner": "mapred",
    "path": "/var/log/hadoop-mapred",
    "secontext": "unconfined_u:object_r:var_log_t:s0",
    "size": 6,
    "state": "directory",
    "uid": 1003
}
2023-11-10 13:17:11,188 p=1917992 u=root n=ansible | ok: [hdfsnn01] => (item=/var/run/hadoop-mapred) => {
    "ansible_loop_var": "item",
    "changed": false,
    "gid": 1003,
    "group": "mapred",
    "item": "/var/run/hadoop-mapred",
    "mode": "0755",
    "owner": "mapred",
    "path": "/var/run/hadoop-mapred",
    "secontext": "unconfined_u:object_r:var_run_t:s0",
    "size": 40,
    "state": "directory",
    "uid": 1003
}
2023-11-10 13:17:11,744 p=1917992 u=root n=ansible | changed: [hdfsdn01] => (item=/var/run/hadoop-mapred) => {
    "ansible_loop_var": "item",
    "changed": true,
    "gid": 1003,
    "group": "mapred",
    "item": "/var/run/hadoop-mapred",
    "mode": "0755",
    "owner": "mapred",
    "path": "/var/run/hadoop-mapred",
    "secontext": "unconfined_u:object_r:var_run_t:s0",
    "size": 40,
    "state": "directory",
    "uid": 1003
}
2023-11-10 13:17:12,011 p=1917992 u=root n=ansible | changed: [hdfsnn01] => (item=/tmp/hadoop-mapred) => {
    "ansible_loop_var": "item",
    "changed": true,
    "gid": 1003,
    "group": "mapred",
    "item": "/tmp/hadoop-mapred",
    "mode": "0755",
    "owner": "mapred",
    "path": "/tmp/hadoop-mapred",
    "secontext": "unconfined_u:object_r:user_tmp_t:s0",
    "size": 6,
    "state": "directory",
    "uid": 1003
}
2023-11-10 13:17:12,379 p=1917992 u=root n=ansible | changed: [hdfsdn01] => (item=/tmp/hadoop-mapred) => {
    "ansible_loop_var": "item",
    "changed": true,
    "gid": 1003,
    "group": "mapred",
    "item": "/tmp/hadoop-mapred",
    "mode": "0755",
    "owner": "mapred",
    "path": "/tmp/hadoop-mapred",
    "secontext": "unconfined_u:object_r:user_tmp_t:s0",
    "size": 6,
    "state": "directory",
    "uid": 1003
}
2023-11-10 13:17:12,545 p=1917992 u=root n=ansible | TASK [create hdfs directories] *************************************************************************************************
2023-11-10 13:17:13,688 p=1917992 u=root n=ansible | changed: [hdfsnn01] => (item=/usr/lib/hadoop/hadoop-3.3.6/) => {
    "ansible_loop_var": "item",
    "changed": true,
    "gid": 1000,
    "group": "hadoop",
    "item": "/usr/lib/hadoop/hadoop-3.3.6/",
    "mode": "0755",
    "owner": "hdfs",
    "path": "/usr/lib/hadoop/hadoop-3.3.6/",
    "secontext": "unconfined_u:object_r:lib_t:s0",
    "size": 4096,
    "state": "directory",
    "uid": 1001
}
2023-11-10 13:17:13,902 p=1917992 u=root n=ansible | changed: [hdfsdn01] => (item=/usr/lib/hadoop/hadoop-3.3.6/) => {
    "ansible_loop_var": "item",
    "changed": true,
    "gid": 1000,
    "group": "hadoop",
    "item": "/usr/lib/hadoop/hadoop-3.3.6/",
    "mode": "0755",
    "owner": "hdfs",
    "path": "/usr/lib/hadoop/hadoop-3.3.6/",
    "secontext": "unconfined_u:object_r:lib_t:s0",
    "size": 4096,
    "state": "directory",
    "uid": 1001
}
2023-11-10 13:17:14,282 p=1917992 u=root n=ansible | ok: [hdfsnn01] => (item=/var/log/hadoop) => {
    "ansible_loop_var": "item",
    "changed": false,
    "gid": 1000,
    "group": "hadoop",
    "item": "/var/log/hadoop",
    "mode": "0755",
    "owner": "hdfs",
    "path": "/var/log/hadoop",
    "secontext": "unconfined_u:object_r:var_log_t:s0",
    "size": 4096,
    "state": "directory",
    "uid": 1001
}
2023-11-10 13:17:14,844 p=1917992 u=root n=ansible | ok: [hdfsdn01] => (item=/var/log/hadoop) => {
    "ansible_loop_var": "item",
    "changed": false,
    "gid": 1000,
    "group": "hadoop",
    "item": "/var/log/hadoop",
    "mode": "0755",
    "owner": "hdfs",
    "path": "/var/log/hadoop",
    "secontext": "unconfined_u:object_r:var_log_t:s0",
    "size": 6,
    "state": "directory",
    "uid": 1001
}
2023-11-10 13:17:15,125 p=1917992 u=root n=ansible | ok: [hdfsnn01] => (item=/var/run/hadoop) => {
    "ansible_loop_var": "item",
    "changed": false,
    "gid": 1000,
    "group": "hadoop",
    "item": "/var/run/hadoop",
    "mode": "0755",
    "owner": "hdfs",
    "path": "/var/run/hadoop",
    "secontext": "unconfined_u:object_r:var_run_t:s0",
    "size": 60,
    "state": "directory",
    "uid": 1001
}
2023-11-10 13:17:15,772 p=1917992 u=root n=ansible | ok: [hdfsdn01] => (item=/var/run/hadoop) => {
    "ansible_loop_var": "item",
    "changed": false,
    "gid": 1000,
    "group": "hadoop",
    "item": "/var/run/hadoop",
    "mode": "0755",
    "owner": "hdfs",
    "path": "/var/run/hadoop",
    "secontext": "unconfined_u:object_r:var_run_t:s0",
    "size": 120,
    "state": "directory",
    "uid": 1001
}
2023-11-10 13:17:15,948 p=1917992 u=root n=ansible | ok: [hdfsnn01] => (item=/data/hdfs) => {
    "ansible_loop_var": "item",
    "changed": false,
    "gid": 1000,
    "group": "hadoop",
    "item": "/data/hdfs",
    "mode": "0755",
    "owner": "hdfs",
    "path": "/data/hdfs",
    "secontext": "unconfined_u:object_r:unlabeled_t:s0",
    "size": 65,
    "state": "directory",
    "uid": 1001
}
2023-11-10 13:17:16,575 p=1917992 u=root n=ansible | ok: [hdfsdn01] => (item=/data/hdfs) => {
    "ansible_loop_var": "item",
    "changed": false,
    "gid": 1000,
    "group": "hadoop",
    "item": "/data/hdfs",
    "mode": "0755",
    "owner": "hdfs",
    "path": "/data/hdfs",
    "secontext": "unconfined_u:object_r:unlabeled_t:s0",
    "size": 65,
    "state": "directory",
    "uid": 1001
}
2023-11-10 13:17:16,939 p=1917992 u=root n=ansible | ok: [hdfsnn01] => (item=/var/log/hadoop-hdfs) => {
    "ansible_loop_var": "item",
    "changed": false,
    "gid": 1000,
    "group": "hadoop",
    "item": "/var/log/hadoop-hdfs",
    "mode": "0755",
    "owner": "hdfs",
    "path": "/var/log/hadoop-hdfs",
    "secontext": "unconfined_u:object_r:var_log_t:s0",
    "size": 6,
    "state": "directory",
    "uid": 1001
}
2023-11-10 13:17:17,439 p=1917992 u=root n=ansible | ok: [hdfsdn01] => (item=/var/log/hadoop-hdfs) => {
    "ansible_loop_var": "item",
    "changed": false,
    "gid": 1000,
    "group": "hadoop",
    "item": "/var/log/hadoop-hdfs",
    "mode": "0755",
    "owner": "hdfs",
    "path": "/var/log/hadoop-hdfs",
    "secontext": "unconfined_u:object_r:var_log_t:s0",
    "size": 6,
    "state": "directory",
    "uid": 1001
}
2023-11-10 13:17:17,922 p=1917992 u=root n=ansible | ok: [hdfsnn01] => (item=/var/run/hadoop-hdfs) => {
    "ansible_loop_var": "item",
    "changed": false,
    "gid": 1000,
    "group": "hadoop",
    "item": "/var/run/hadoop-hdfs",
    "mode": "0755",
    "owner": "hdfs",
    "path": "/var/run/hadoop-hdfs",
    "secontext": "unconfined_u:object_r:var_run_t:s0",
    "size": 40,
    "state": "directory",
    "uid": 1001
}
2023-11-10 13:17:18,075 p=1917992 u=root n=ansible | changed: [hdfsdn01] => (item=/var/run/hadoop-hdfs) => {
    "ansible_loop_var": "item",
    "changed": true,
    "gid": 1000,
    "group": "hadoop",
    "item": "/var/run/hadoop-hdfs",
    "mode": "0755",
    "owner": "hdfs",
    "path": "/var/run/hadoop-hdfs",
    "secontext": "unconfined_u:object_r:var_run_t:s0",
    "size": 40,
    "state": "directory",
    "uid": 1001
}
2023-11-10 13:17:18,640 p=1917992 u=root n=ansible | changed: [hdfsnn01] => (item=/tmp/hadoop-hdfs) => {
    "ansible_loop_var": "item",
    "changed": true,
    "gid": 1000,
    "group": "hadoop",
    "item": "/tmp/hadoop-hdfs",
    "mode": "0755",
    "owner": "hdfs",
    "path": "/tmp/hadoop-hdfs",
    "secontext": "unconfined_u:object_r:user_tmp_t:s0",
    "size": 6,
    "state": "directory",
    "uid": 1001
}
2023-11-10 13:17:19,625 p=1917992 u=root n=ansible | ok: [hdfsnn01] => (item=/data/hdfs/nn) => {
    "ansible_loop_var": "item",
    "changed": false,
    "gid": 1000,
    "group": "hadoop",
    "item": "/data/hdfs/nn",
    "mode": "0755",
    "owner": "hdfs",
    "path": "/data/hdfs/nn",
    "secontext": "unconfined_u:object_r:unlabeled_t:s0",
    "size": 21,
    "state": "directory",
    "uid": 1001
}
2023-11-10 13:17:19,824 p=1917992 u=root n=ansible | changed: [hdfsdn01] => (item=/tmp/hadoop-hdfs) => {
    "ansible_loop_var": "item",
    "changed": true,
    "gid": 1000,
    "group": "hadoop",
    "item": "/tmp/hadoop-hdfs",
    "mode": "0755",
    "owner": "hdfs",
    "path": "/tmp/hadoop-hdfs",
    "secontext": "unconfined_u:object_r:user_tmp_t:s0",
    "size": 17,
    "state": "directory",
    "uid": 1001
}
2023-11-10 13:17:20,497 p=1917992 u=root n=ansible | ok: [hdfsnn01] => (item=/data/hdfs/dn) => {
    "ansible_loop_var": "item",
    "changed": false,
    "gid": 1000,
    "group": "hadoop",
    "item": "/data/hdfs/dn",
    "mode": "0755",
    "owner": "hdfs",
    "path": "/data/hdfs/dn",
    "secontext": "unconfined_u:object_r:unlabeled_t:s0",
    "size": 6,
    "state": "directory",
    "uid": 1001
}
2023-11-10 13:17:20,839 p=1917992 u=root n=ansible | ok: [hdfsdn01] => (item=/data/hdfs/nn) => {
    "ansible_loop_var": "item",
    "changed": false,
    "gid": 1000,
    "group": "hadoop",
    "item": "/data/hdfs/nn",
    "mode": "0755",
    "owner": "hdfs",
    "path": "/data/hdfs/nn",
    "secontext": "unconfined_u:object_r:unlabeled_t:s0",
    "size": 6,
    "state": "directory",
    "uid": 1001
}
2023-11-10 13:17:21,405 p=1917992 u=root n=ansible | ok: [hdfsnn01] => (item=/data/hdfs/jn) => {
    "ansible_loop_var": "item",
    "changed": false,
    "gid": 1000,
    "group": "hadoop",
    "item": "/data/hdfs/jn",
    "mode": "0755",
    "owner": "hdfs",
    "path": "/data/hdfs/jn",
    "secontext": "unconfined_u:object_r:unlabeled_t:s0",
    "size": 39,
    "state": "directory",
    "uid": 1001
}
2023-11-10 13:17:21,606 p=1917992 u=root n=ansible | changed: [hdfsdn01] => (item=/data/hdfs/dn) => {
    "ansible_loop_var": "item",
    "changed": true,
    "gid": 1000,
    "group": "hadoop",
    "item": "/data/hdfs/dn",
    "mode": "0755",
    "owner": "hdfs",
    "path": "/data/hdfs/dn",
    "secontext": "unconfined_u:object_r:unlabeled_t:s0",
    "size": 6,
    "state": "directory",
    "uid": 1001
}
2023-11-10 13:17:22,234 p=1917992 u=root n=ansible | ok: [hdfsnn01] => (item=/data/hdfs/checkpoint) => {
    "ansible_loop_var": "item",
    "changed": false,
    "gid": 1000,
    "group": "hadoop",
    "item": "/data/hdfs/checkpoint",
    "mode": "0755",
    "owner": "hdfs",
    "path": "/data/hdfs/checkpoint",
    "secontext": "unconfined_u:object_r:unlabeled_t:s0",
    "size": 4096,
    "state": "directory",
    "uid": 1001
}
2023-11-10 13:17:22,570 p=1917992 u=root n=ansible | ok: [hdfsdn01] => (item=/data/hdfs/jn) => {
    "ansible_loop_var": "item",
    "changed": false,
    "gid": 1000,
    "group": "hadoop",
    "item": "/data/hdfs/jn",
    "mode": "0755",
    "owner": "hdfs",
    "path": "/data/hdfs/jn",
    "secontext": "unconfined_u:object_r:unlabeled_t:s0",
    "size": 39,
    "state": "directory",
    "uid": 1001
}
2023-11-10 13:17:22,981 p=1917992 u=root n=ansible | ok: [hdfsnn01] => (item=/data/hdfs/snn) => {
    "ansible_loop_var": "item",
    "changed": false,
    "gid": 1000,
    "group": "hadoop",
    "item": "/data/hdfs/snn",
    "mode": "0755",
    "owner": "hdfs",
    "path": "/data/hdfs/snn",
    "secontext": "unconfined_u:object_r:unlabeled_t:s0",
    "size": 6,
    "state": "directory",
    "uid": 1001
}
2023-11-10 13:17:23,423 p=1917992 u=root n=ansible | ok: [hdfsdn01] => (item=/data/hdfs/checkpoint) => {
    "ansible_loop_var": "item",
    "changed": false,
    "gid": 1000,
    "group": "hadoop",
    "item": "/data/hdfs/checkpoint",
    "mode": "0755",
    "owner": "hdfs",
    "path": "/data/hdfs/checkpoint",
    "secontext": "unconfined_u:object_r:unlabeled_t:s0",
    "size": 4096,
    "state": "directory",
    "uid": 1001
}
2023-11-10 13:17:23,900 p=1917992 u=root n=ansible | ok: [hdfsnn01] => (item=/data/hdfs/jn/current) => {
    "ansible_loop_var": "item",
    "changed": false,
    "gid": 1000,
    "group": "hadoop",
    "item": "/data/hdfs/jn/current",
    "mode": "0755",
    "owner": "hdfs",
    "path": "/data/hdfs/jn/current",
    "secontext": "unconfined_u:object_r:unlabeled_t:s0",
    "size": 6,
    "state": "directory",
    "uid": 1001
}
2023-11-10 13:17:24,201 p=1917992 u=root n=ansible | ok: [hdfsdn01] => (item=/data/hdfs/snn) => {
    "ansible_loop_var": "item",
    "changed": false,
    "gid": 1000,
    "group": "hadoop",
    "item": "/data/hdfs/snn",
    "mode": "0755",
    "owner": "hdfs",
    "path": "/data/hdfs/snn",
    "secontext": "unconfined_u:object_r:unlabeled_t:s0",
    "size": 6,
    "state": "directory",
    "uid": 1001
}
2023-11-10 13:17:24,811 p=1917992 u=root n=ansible | ok: [hdfsnn01] => (item=/data/hdfs/jn/inprogress) => {
    "ansible_loop_var": "item",
    "changed": false,
    "gid": 1000,
    "group": "hadoop",
    "item": "/data/hdfs/jn/inprogress",
    "mode": "0755",
    "owner": "hdfs",
    "path": "/data/hdfs/jn/inprogress",
    "secontext": "unconfined_u:object_r:unlabeled_t:s0",
    "size": 6,
    "state": "directory",
    "uid": 1001
}
2023-11-10 13:17:25,099 p=1917992 u=root n=ansible | ok: [hdfsdn01] => (item=/data/hdfs/jn/current) => {
    "ansible_loop_var": "item",
    "changed": false,
    "gid": 1000,
    "group": "hadoop",
    "item": "/data/hdfs/jn/current",
    "mode": "0755",
    "owner": "hdfs",
    "path": "/data/hdfs/jn/current",
    "secontext": "unconfined_u:object_r:unlabeled_t:s0",
    "size": 6,
    "state": "directory",
    "uid": 1001
}
2023-11-10 13:17:25,834 p=1917992 u=root n=ansible | ok: [hdfsdn01] => (item=/data/hdfs/jn/inprogress) => {
    "ansible_loop_var": "item",
    "changed": false,
    "gid": 1000,
    "group": "hadoop",
    "item": "/data/hdfs/jn/inprogress",
    "mode": "0755",
    "owner": "hdfs",
    "path": "/data/hdfs/jn/inprogress",
    "secontext": "unconfined_u:object_r:unlabeled_t:s0",
    "size": 6,
    "state": "directory",
    "uid": 1001
}
2023-11-10 13:17:25,865 p=1917992 u=root n=ansible | ok: [hdfsnn01] => (item=/data/hdfs/checkpoint) => {
    "ansible_loop_var": "item",
    "changed": false,
    "gid": 1000,
    "group": "hadoop",
    "item": "/data/hdfs/checkpoint",
    "mode": "0755",
    "owner": "hdfs",
    "path": "/data/hdfs/checkpoint",
    "secontext": "unconfined_u:object_r:unlabeled_t:s0",
    "size": 4096,
    "state": "directory",
    "uid": 1001
}
2023-11-10 13:17:26,592 p=1917992 u=root n=ansible | ok: [hdfsnn01] => (item=/data/hdfs/checkpoint/inprogress) => {
    "ansible_loop_var": "item",
    "changed": false,
    "gid": 1000,
    "group": "hadoop",
    "item": "/data/hdfs/checkpoint/inprogress",
    "mode": "0755",
    "owner": "hdfs",
    "path": "/data/hdfs/checkpoint/inprogress",
    "secontext": "unconfined_u:object_r:unlabeled_t:s0",
    "size": 6,
    "state": "directory",
    "uid": 1001
}
2023-11-10 13:17:27,119 p=1917992 u=root n=ansible | ok: [hdfsdn01] => (item=/data/hdfs/checkpoint) => {
    "ansible_loop_var": "item",
    "changed": false,
    "gid": 1000,
    "group": "hadoop",
    "item": "/data/hdfs/checkpoint",
    "mode": "0755",
    "owner": "hdfs",
    "path": "/data/hdfs/checkpoint",
    "secontext": "unconfined_u:object_r:unlabeled_t:s0",
    "size": 4096,
    "state": "directory",
    "uid": 1001
}
2023-11-10 13:17:27,226 p=1917992 u=root n=ansible | ok: [hdfsnn01] => (item=/data/hdfs/checkpoint/current) => {
    "ansible_loop_var": "item",
    "changed": false,
    "gid": 1000,
    "group": "hadoop",
    "item": "/data/hdfs/checkpoint/current",
    "mode": "0755",
    "owner": "hdfs",
    "path": "/data/hdfs/checkpoint/current",
    "secontext": "unconfined_u:object_r:unlabeled_t:s0",
    "size": 6,
    "state": "directory",
    "uid": 1001
}
2023-11-10 13:17:27,897 p=1917992 u=root n=ansible | ok: [hdfsdn01] => (item=/data/hdfs/checkpoint/inprogress) => {
    "ansible_loop_var": "item",
    "changed": false,
    "gid": 1000,
    "group": "hadoop",
    "item": "/data/hdfs/checkpoint/inprogress",
    "mode": "0755",
    "owner": "hdfs",
    "path": "/data/hdfs/checkpoint/inprogress",
    "secontext": "unconfined_u:object_r:unlabeled_t:s0",
    "size": 6,
    "state": "directory",
    "uid": 1001
}
2023-11-10 13:17:28,244 p=1917992 u=root n=ansible | ok: [hdfsnn01] => (item=/data/hdfs/checkpoint/current) => {
    "ansible_loop_var": "item",
    "changed": false,
    "gid": 1000,
    "group": "hadoop",
    "item": "/data/hdfs/checkpoint/current",
    "mode": "0755",
    "owner": "hdfs",
    "path": "/data/hdfs/checkpoint/current",
    "secontext": "unconfined_u:object_r:unlabeled_t:s0",
    "size": 6,
    "state": "directory",
    "uid": 1001
}
2023-11-10 13:17:28,586 p=1917992 u=root n=ansible | ok: [hdfsdn01] => (item=/data/hdfs/checkpoint/current) => {
    "ansible_loop_var": "item",
    "changed": false,
    "gid": 1000,
    "group": "hadoop",
    "item": "/data/hdfs/checkpoint/current",
    "mode": "0755",
    "owner": "hdfs",
    "path": "/data/hdfs/checkpoint/current",
    "secontext": "unconfined_u:object_r:unlabeled_t:s0",
    "size": 6,
    "state": "directory",
    "uid": 1001
}
2023-11-10 13:17:29,312 p=1917992 u=root n=ansible | ok: [hdfsdn01] => (item=/data/hdfs/checkpoint/current) => {
    "ansible_loop_var": "item",
    "changed": false,
    "gid": 1000,
    "group": "hadoop",
    "item": "/data/hdfs/checkpoint/current",
    "mode": "0755",
    "owner": "hdfs",
    "path": "/data/hdfs/checkpoint/current",
    "secontext": "unconfined_u:object_r:unlabeled_t:s0",
    "size": 6,
    "state": "directory",
    "uid": 1001
}
2023-11-10 13:17:29,355 p=1917992 u=root n=ansible | ok: [hdfsnn01] => (item=/data/hdfs/checkpoint/current) => {
    "ansible_loop_var": "item",
    "changed": false,
    "gid": 1000,
    "group": "hadoop",
    "item": "/data/hdfs/checkpoint/current",
    "mode": "0755",
    "owner": "hdfs",
    "path": "/data/hdfs/checkpoint/current",
    "secontext": "unconfined_u:object_r:unlabeled_t:s0",
    "size": 6,
    "state": "directory",
    "uid": 1001
}
2023-11-10 13:17:30,080 p=1917992 u=root n=ansible | ok: [hdfsdn01] => (item=/data/hdfs/checkpoint/current) => {
    "ansible_loop_var": "item",
    "changed": false,
    "gid": 1000,
    "group": "hadoop",
    "item": "/data/hdfs/checkpoint/current",
    "mode": "0755",
    "owner": "hdfs",
    "path": "/data/hdfs/checkpoint/current",
    "secontext": "unconfined_u:object_r:unlabeled_t:s0",
    "size": 6,
    "state": "directory",
    "uid": 1001
}
2023-11-10 13:17:30,350 p=1917992 u=root n=ansible | ok: [hdfsnn01] => (item=/data/hdfs/checkpoint/inprogress) => {
    "ansible_loop_var": "item",
    "changed": false,
    "gid": 1000,
    "group": "hadoop",
    "item": "/data/hdfs/checkpoint/inprogress",
    "mode": "0755",
    "owner": "hdfs",
    "path": "/data/hdfs/checkpoint/inprogress",
    "secontext": "unconfined_u:object_r:unlabeled_t:s0",
    "size": 6,
    "state": "directory",
    "uid": 1001
}
2023-11-10 13:17:30,923 p=1917992 u=root n=ansible | ok: [hdfsdn01] => (item=/data/hdfs/checkpoint/inprogress) => {
    "ansible_loop_var": "item",
    "changed": false,
    "gid": 1000,
    "group": "hadoop",
    "item": "/data/hdfs/checkpoint/inprogress",
    "mode": "0755",
    "owner": "hdfs",
    "path": "/data/hdfs/checkpoint/inprogress",
    "secontext": "unconfined_u:object_r:unlabeled_t:s0",
    "size": 6,
    "state": "directory",
    "uid": 1001
}
2023-11-10 13:17:31,124 p=1917992 u=root n=ansible | ok: [hdfsnn01] => (item=/data/hdfs/checkpoint/last_gzxid) => {
    "ansible_loop_var": "item",
    "changed": false,
    "gid": 1000,
    "group": "hadoop",
    "item": "/data/hdfs/checkpoint/last_gzxid",
    "mode": "0755",
    "owner": "hdfs",
    "path": "/data/hdfs/checkpoint/last_gzxid",
    "secontext": "unconfined_u:object_r:unlabeled_t:s0",
    "size": 6,
    "state": "directory",
    "uid": 1001
}
2023-11-10 13:17:31,908 p=1917992 u=root n=ansible | ok: [hdfsdn01] => (item=/data/hdfs/checkpoint/last_gzxid) => {
    "ansible_loop_var": "item",
    "changed": false,
    "gid": 1000,
    "group": "hadoop",
    "item": "/data/hdfs/checkpoint/last_gzxid",
    "mode": "0755",
    "owner": "hdfs",
    "path": "/data/hdfs/checkpoint/last_gzxid",
    "secontext": "unconfined_u:object_r:unlabeled_t:s0",
    "size": 6,
    "state": "directory",
    "uid": 1001
}
2023-11-10 13:17:31,922 p=1917992 u=root n=ansible | ok: [hdfsnn01] => (item=/data/hdfs/checkpoint/last_written_txid) => {
    "ansible_loop_var": "item",
    "changed": false,
    "gid": 1000,
    "group": "hadoop",
    "item": "/data/hdfs/checkpoint/last_written_txid",
    "mode": "0755",
    "owner": "hdfs",
    "path": "/data/hdfs/checkpoint/last_written_txid",
    "secontext": "unconfined_u:object_r:unlabeled_t:s0",
    "size": 6,
    "state": "directory",
    "uid": 1001
}
2023-11-10 13:17:32,736 p=1917992 u=root n=ansible | ok: [hdfsdn01] => (item=/data/hdfs/checkpoint/last_written_txid) => {
    "ansible_loop_var": "item",
    "changed": false,
    "gid": 1000,
    "group": "hadoop",
    "item": "/data/hdfs/checkpoint/last_written_txid",
    "mode": "0755",
    "owner": "hdfs",
    "path": "/data/hdfs/checkpoint/last_written_txid",
    "secontext": "unconfined_u:object_r:unlabeled_t:s0",
    "size": 6,
    "state": "directory",
    "uid": 1001
}
2023-11-10 13:17:33,039 p=1917992 u=root n=ansible | ok: [hdfsnn01] => (item=/data/hdfs/checkpoint/last_promised_epoch) => {
    "ansible_loop_var": "item",
    "changed": false,
    "gid": 1000,
    "group": "hadoop",
    "item": "/data/hdfs/checkpoint/last_promised_epoch",
    "mode": "0755",
    "owner": "hdfs",
    "path": "/data/hdfs/checkpoint/last_promised_epoch",
    "secontext": "unconfined_u:object_r:unlabeled_t:s0",
    "size": 6,
    "state": "directory",
    "uid": 1001
}
2023-11-10 13:17:33,712 p=1917992 u=root n=ansible | ok: [hdfsdn01] => (item=/data/hdfs/checkpoint/last_promised_epoch) => {
    "ansible_loop_var": "item",
    "changed": false,
    "gid": 1000,
    "group": "hadoop",
    "item": "/data/hdfs/checkpoint/last_promised_epoch",
    "mode": "0755",
    "owner": "hdfs",
    "path": "/data/hdfs/checkpoint/last_promised_epoch",
    "secontext": "unconfined_u:object_r:unlabeled_t:s0",
    "size": 6,
    "state": "directory",
    "uid": 1001
}
2023-11-10 13:17:33,821 p=1917992 u=root n=ansible | ok: [hdfsnn01] => (item=/data/hdfs/checkpoint/last_accepted_epoch) => {
    "ansible_loop_var": "item",
    "changed": false,
    "gid": 1000,
    "group": "hadoop",
    "item": "/data/hdfs/checkpoint/last_accepted_epoch",
    "mode": "0755",
    "owner": "hdfs",
    "path": "/data/hdfs/checkpoint/last_accepted_epoch",
    "secontext": "unconfined_u:object_r:unlabeled_t:s0",
    "size": 6,
    "state": "directory",
    "uid": 1001
}
2023-11-10 13:17:34,285 p=1917992 u=root n=ansible | ok: [hdfsdn01] => (item=/data/hdfs/checkpoint/last_accepted_epoch) => {
    "ansible_loop_var": "item",
    "changed": false,
    "gid": 1000,
    "group": "hadoop",
    "item": "/data/hdfs/checkpoint/last_accepted_epoch",
    "mode": "0755",
    "owner": "hdfs",
    "path": "/data/hdfs/checkpoint/last_accepted_epoch",
    "secontext": "unconfined_u:object_r:unlabeled_t:s0",
    "size": 6,
    "state": "directory",
    "uid": 1001
}
2023-11-10 13:17:34,475 p=1917992 u=root n=ansible | TASK [create zookeeper config directory] ***************************************************************************************
2023-11-10 13:17:34,775 p=1917992 u=root n=ansible | skipping: [hdfsnn01] => {
    "changed": false,
    "skip_reason": "Conditional result was False"
}
2023-11-10 13:17:34,871 p=1917992 u=root n=ansible | skipping: [hdfsdn01] => {
    "changed": false,
    "skip_reason": "Conditional result was False"
}
2023-11-10 13:17:34,955 p=1917992 u=root n=ansible | TASK [create zookeeper directories] ********************************************************************************************
2023-11-10 13:17:35,274 p=1917992 u=root n=ansible | skipping: [hdfsnn01] => (item=/zkpr/data)  => {
    "ansible_loop_var": "item",
    "changed": false,
    "item": "/zkpr/data",
    "skip_reason": "Conditional result was False"
}
2023-11-10 13:17:35,397 p=1917992 u=root n=ansible | skipping: [hdfsnn01] => (item=/zkpr/data-log)  => {
    "ansible_loop_var": "item",
    "changed": false,
    "item": "/zkpr/data-log",
    "skip_reason": "Conditional result was False"
}
2023-11-10 13:17:35,473 p=1917992 u=root n=ansible | skipping: [hdfsdn01] => (item=/zkpr/data)  => {
    "ansible_loop_var": "item",
    "changed": false,
    "item": "/zkpr/data",
    "skip_reason": "Conditional result was False"
}
2023-11-10 13:17:35,561 p=1917992 u=root n=ansible | skipping: [hdfsnn01] => (item=/var/log/zookeeper)  => {
    "ansible_loop_var": "item",
    "changed": false,
    "item": "/var/log/zookeeper",
    "skip_reason": "Conditional result was False"
}
2023-11-10 13:17:35,565 p=1917992 u=root n=ansible | skipping: [hdfsdn01] => (item=/zkpr/data-log)  => {
    "ansible_loop_var": "item",
    "changed": false,
    "item": "/zkpr/data-log",
    "skip_reason": "Conditional result was False"
}
2023-11-10 13:17:35,624 p=1917992 u=root n=ansible | skipping: [hdfsnn01] => (item=/var/run/zookeeper)  => {
    "ansible_loop_var": "item",
    "changed": false,
    "item": "/var/run/zookeeper",
    "skip_reason": "Conditional result was False"
}
2023-11-10 13:17:35,627 p=1917992 u=root n=ansible | skipping: [hdfsnn01] => {
    "changed": false
}

MSG:

All items skipped

2023-11-10 13:17:35,718 p=1917992 u=root n=ansible | skipping: [hdfsdn01] => (item=/var/log/zookeeper)  => {
    "ansible_loop_var": "item",
    "changed": false,
    "item": "/var/log/zookeeper",
    "skip_reason": "Conditional result was False"
}
2023-11-10 13:17:35,723 p=1917992 u=root n=ansible | skipping: [hdfsdn01] => (item=/var/run/zookeeper)  => {
    "ansible_loop_var": "item",
    "changed": false,
    "item": "/var/run/zookeeper",
    "skip_reason": "Conditional result was False"
}
2023-11-10 13:17:35,726 p=1917992 u=root n=ansible | skipping: [hdfsdn01] => {
    "changed": false
}

MSG:

All items skipped

2023-11-10 13:17:35,819 p=1917992 u=root n=ansible | TASK [Create Hadoop Node Zookeeper myid] ***************************************************************************************
2023-11-10 13:17:36,161 p=1917992 u=root n=ansible | skipping: [hdfsnn01] => {
    "changed": false,
    "skip_reason": "Conditional result was False"
}
2023-11-10 13:17:36,244 p=1917992 u=root n=ansible | skipping: [hdfsdn01] => {
    "changed": false,
    "skip_reason": "Conditional result was False"
}
2023-11-10 13:17:36,360 p=1917992 u=root n=ansible | TASK [Set up java.sh in /etc/profile.d/] ***************************************************************************************
2023-11-10 13:17:38,469 p=1917992 u=root n=ansible | ok: [hdfsdn01] => {
    "changed": false,
    "checksum": "6ff1f7b49a30935c8b6d500ad9ce30c28c4b1d42",
    "dest": "/etc/profile.d/java.sh",
    "gid": 0,
    "group": "root",
    "mode": "0644",
    "owner": "root",
    "path": "/etc/profile.d/java.sh",
    "secontext": "system_u:object_r:bin_t:s0",
    "size": 39,
    "state": "file",
    "uid": 0
}
2023-11-10 13:17:38,591 p=1917992 u=root n=ansible | ok: [hdfsnn01] => {
    "changed": false,
    "checksum": "6ff1f7b49a30935c8b6d500ad9ce30c28c4b1d42",
    "dest": "/etc/profile.d/java.sh",
    "gid": 0,
    "group": "root",
    "mode": "0644",
    "owner": "root",
    "path": "/etc/profile.d/java.sh",
    "secontext": "system_u:object_r:bin_t:s0",
    "size": 39,
    "state": "file",
    "uid": 0
}
2023-11-10 13:17:38,751 p=1917992 u=root n=ansible | TASK [Set up hadoop.sh in /etc/profile.d] **************************************************************************************
2023-11-10 13:17:40,873 p=1917992 u=root n=ansible | changed: [hdfsnn01] => {
    "backup_file": "/etc/profile.d/hadoop.sh.7624.2023-11-10@13:17:40~",
    "changed": true,
    "checksum": "023e2c99a59202321736ac48c3636673e9eb7584",
    "dest": "/etc/profile.d/hadoop.sh",
    "gid": 0,
    "group": "root",
    "md5sum": "c5691313b904efda44e37f4063d6e261",
    "mode": "0644",
    "owner": "root",
    "secontext": "system_u:object_r:bin_t:s0",
    "size": 373,
    "src": "/root/.ansible/tmp/ansible-tmp-1699622259.1191661-1928159-34286517273277/source",
    "state": "file",
    "uid": 0
}
2023-11-10 13:17:41,088 p=1917992 u=root n=ansible | changed: [hdfsdn01] => {
    "backup_file": "/etc/profile.d/hadoop.sh.31579.2023-11-10@13:17:40~",
    "changed": true,
    "checksum": "023e2c99a59202321736ac48c3636673e9eb7584",
    "dest": "/etc/profile.d/hadoop.sh",
    "gid": 0,
    "group": "root",
    "md5sum": "c5691313b904efda44e37f4063d6e261",
    "mode": "0644",
    "owner": "root",
    "secontext": "system_u:object_r:bin_t:s0",
    "size": 373,
    "src": "/root/.ansible/tmp/ansible-tmp-1699622259.1997411-1928160-78649864020213/source",
    "state": "file",
    "uid": 0
}
2023-11-10 13:17:41,191 p=1917992 u=root n=ansible | TASK [Set up zookeeper.sh in /etc/profile.d] ***********************************************************************************
2023-11-10 13:17:41,533 p=1917992 u=root n=ansible | skipping: [hdfsnn01] => {
    "changed": false,
    "skip_reason": "Conditional result was False"
}
2023-11-10 13:17:41,622 p=1917992 u=root n=ansible | skipping: [hdfsdn01] => {
    "changed": false,
    "skip_reason": "Conditional result was False"
}
2023-11-10 13:17:41,715 p=1917992 u=root n=ansible | TASK [Setup zookeeper service file in /usr/lib/systemd/system] *****************************************************************
2023-11-10 13:17:42,040 p=1917992 u=root n=ansible | skipping: [hdfsnn01] => {
    "changed": false,
    "skip_reason": "Conditional result was False"
}
2023-11-10 13:17:42,137 p=1917992 u=root n=ansible | skipping: [hdfsdn01] => {
    "changed": false,
    "skip_reason": "Conditional result was False"
}
2023-11-10 13:17:42,213 p=1917992 u=root n=ansible | TASK [Set up core-site.xml] ****************************************************************************************************
2023-11-10 13:17:44,649 p=1917992 u=root n=ansible | changed: [hdfsnn01] => {
    "backup_file": "/usr/lib/hadoop/hadoop-3.3.6//etc/hadoop/core-site.xml.7687.2023-11-10@13:17:44~",
    "changed": true,
    "checksum": "5693daf7247c0b0ccc2606e8aebea93090183ce0",
    "dest": "/usr/lib/hadoop/hadoop-3.3.6//etc/hadoop/core-site.xml",
    "gid": 1000,
    "group": "hadoop",
    "md5sum": "6e57dce8fc1cf8f91ed1b431c4bdcafe",
    "mode": "0644",
    "owner": "hadoop",
    "secontext": "system_u:object_r:lib_t:s0",
    "size": 5808,
    "src": "/root/.ansible/tmp/ansible-tmp-1699622262.6786711-1928210-233112175274202/source",
    "state": "file",
    "uid": 1000
}
2023-11-10 13:17:44,745 p=1917992 u=root n=ansible | changed: [hdfsdn01] => {
    "backup_file": "/usr/lib/hadoop/hadoop-3.3.6//etc/hadoop/core-site.xml.31642.2023-11-10@13:17:44~",
    "changed": true,
    "checksum": "5693daf7247c0b0ccc2606e8aebea93090183ce0",
    "dest": "/usr/lib/hadoop/hadoop-3.3.6//etc/hadoop/core-site.xml",
    "gid": 1000,
    "group": "hadoop",
    "md5sum": "6e57dce8fc1cf8f91ed1b431c4bdcafe",
    "mode": "0644",
    "owner": "hadoop",
    "secontext": "unconfined_u:object_r:lib_t:s0",
    "size": 5808,
    "src": "/root/.ansible/tmp/ansible-tmp-1699622262.7535913-1928211-160375113690273/source",
    "state": "file",
    "uid": 1000
}
2023-11-10 13:17:44,847 p=1917992 u=root n=ansible | TASK [Set up hdfs-site.xml] ****************************************************************************************************
2023-11-10 13:17:46,942 p=1917992 u=root n=ansible | changed: [hdfsdn01] => {
    "backup_file": "/usr/lib/hadoop/hadoop-3.3.6//etc/hadoop/hdfs-site.xml.31705.2023-11-10@13:17:46~",
    "changed": true,
    "checksum": "6847cf40fa718f9918c5593820c76e6b93ffecc0",
    "dest": "/usr/lib/hadoop/hadoop-3.3.6//etc/hadoop/hdfs-site.xml",
    "gid": 1000,
    "group": "hadoop",
    "md5sum": "c17d9466567357942409b3164a3b0e8a",
    "mode": "0644",
    "owner": "hadoop",
    "secontext": "unconfined_u:object_r:lib_t:s0",
    "size": 2154,
    "src": "/root/.ansible/tmp/ansible-tmp-1699622265.4153595-1928248-183482208812662/source",
    "state": "file",
    "uid": 1000
}
2023-11-10 13:17:47,168 p=1917992 u=root n=ansible | changed: [hdfsnn01] => {
    "backup_file": "/usr/lib/hadoop/hadoop-3.3.6//etc/hadoop/hdfs-site.xml.7750.2023-11-10@13:17:46~",
    "changed": true,
    "checksum": "6847cf40fa718f9918c5593820c76e6b93ffecc0",
    "dest": "/usr/lib/hadoop/hadoop-3.3.6//etc/hadoop/hdfs-site.xml",
    "gid": 1000,
    "group": "hadoop",
    "md5sum": "c17d9466567357942409b3164a3b0e8a",
    "mode": "0644",
    "owner": "hadoop",
    "secontext": "unconfined_u:object_r:lib_t:s0",
    "size": 2154,
    "src": "/root/.ansible/tmp/ansible-tmp-1699622265.2705297-1928241-42876097703942/source",
    "state": "file",
    "uid": 1000
}
2023-11-10 13:17:47,292 p=1917992 u=root n=ansible | TASK [Set up yarn-site.xml] ****************************************************************************************************
2023-11-10 13:17:49,370 p=1917992 u=root n=ansible | changed: [hdfsnn01] => {
    "backup_file": "/usr/lib/hadoop/hadoop-3.3.6//etc/hadoop/yarn-site.xml.7814.2023-11-10@13:17:49~",
    "changed": true,
    "checksum": "615d1ff71bfb821f2578fec1a9832f2f63bccf06",
    "dest": "/usr/lib/hadoop/hadoop-3.3.6//etc/hadoop/yarn-site.xml",
    "gid": 1000,
    "group": "hadoop",
    "md5sum": "a0276efcf081bbf45c2de28cd425a94e",
    "mode": "0644",
    "owner": "hadoop",
    "secontext": "unconfined_u:object_r:lib_t:s0",
    "size": 5571,
    "src": "/root/.ansible/tmp/ansible-tmp-1699622267.7276814-1928277-147217574367430/source",
    "state": "file",
    "uid": 1000
}
2023-11-10 13:17:49,628 p=1917992 u=root n=ansible | changed: [hdfsdn01] => {
    "backup_file": "/usr/lib/hadoop/hadoop-3.3.6//etc/hadoop/yarn-site.xml.31768.2023-11-10@13:17:49~",
    "changed": true,
    "checksum": "615d1ff71bfb821f2578fec1a9832f2f63bccf06",
    "dest": "/usr/lib/hadoop/hadoop-3.3.6//etc/hadoop/yarn-site.xml",
    "gid": 1000,
    "group": "hadoop",
    "md5sum": "a0276efcf081bbf45c2de28cd425a94e",
    "mode": "0644",
    "owner": "hadoop",
    "secontext": "unconfined_u:object_r:lib_t:s0",
    "size": 5571,
    "src": "/root/.ansible/tmp/ansible-tmp-1699622267.7837815-1928278-171204237492532/source",
    "state": "file",
    "uid": 1000
}
2023-11-10 13:17:49,715 p=1917992 u=root n=ansible | TASK [Set up workers] **********************************************************************************************************
2023-11-10 13:17:51,665 p=1917992 u=root n=ansible | ok: [hdfsnn01] => {
    "changed": false,
    "checksum": "83bc02fe867df20d0f9438a3545a26d281b8c389",
    "dest": "/usr/lib/hadoop/hadoop-3.3.6//etc/hadoop/workers",
    "gid": 1000,
    "group": "hadoop",
    "mode": "0644",
    "owner": "hadoop",
    "path": "/usr/lib/hadoop/hadoop-3.3.6//etc/hadoop/workers",
    "secontext": "unconfined_u:object_r:lib_t:s0",
    "size": 26,
    "state": "file",
    "uid": 1000
}
2023-11-10 13:17:51,869 p=1917992 u=root n=ansible | ok: [hdfsdn01] => {
    "changed": false,
    "checksum": "83bc02fe867df20d0f9438a3545a26d281b8c389",
    "dest": "/usr/lib/hadoop/hadoop-3.3.6//etc/hadoop/workers",
    "gid": 1000,
    "group": "hadoop",
    "mode": "0644",
    "owner": "hadoop",
    "path": "/usr/lib/hadoop/hadoop-3.3.6//etc/hadoop/workers",
    "secontext": "unconfined_u:object_r:lib_t:s0",
    "size": 26,
    "state": "file",
    "uid": 1000
}
2023-11-10 13:17:51,981 p=1917992 u=root n=ansible | TASK [setup firewall ports] ****************************************************************************************************
2023-11-10 13:17:54,558 p=1917992 u=root n=ansible | ok: [hdfsnn01] => {
    "changed": false,
    "checksum": "e2250cd2a9a0b2a0da051559f18178bfb7d88ce2",
    "dest": "/usr/lib/firewalld/services/hadoop.xml",
    "gid": 0,
    "group": "root",
    "mode": "0644",
    "owner": "root",
    "path": "/usr/lib/firewalld/services/hadoop.xml",
    "secontext": "system_u:object_r:lib_t:s0",
    "size": 5197,
    "state": "file",
    "uid": 0
}
2023-11-10 13:17:54,858 p=1917992 u=root n=ansible | ok: [hdfsdn01] => {
    "changed": false,
    "checksum": "e2250cd2a9a0b2a0da051559f18178bfb7d88ce2",
    "dest": "/usr/lib/firewalld/services/hadoop.xml",
    "gid": 0,
    "group": "root",
    "mode": "0644",
    "owner": "root",
    "path": "/usr/lib/firewalld/services/hadoop.xml",
    "secontext": "system_u:object_r:lib_t:s0",
    "size": 5197,
    "state": "file",
    "uid": 0
}
2023-11-10 13:17:54,952 p=1917992 u=root n=ansible | TASK [restart firewalld] *******************************************************************************************************
2023-11-10 13:18:00,537 p=1917992 u=root n=ansible | changed: [hdfsnn01] => {
    "changed": true,
    "enabled": true,
    "name": "firewalld",
    "state": "started",
    "status": {
        "ActiveEnterTimestamp": "Tue 2023-10-24 13:32:44 BST",
        "ActiveEnterTimestampMonotonic": "343286085060",
        "ActiveExitTimestamp": "Tue 2023-10-24 16:51:47 BST",
        "ActiveExitTimestampMonotonic": "355229312280",
        "ActiveState": "inactive",
        "After": "dbus.service polkit.service basic.target system.slice",
        "AllowIsolate": "no",
        "AmbientCapabilities": "0",
        "AssertResult": "yes",
        "AssertTimestamp": "Tue 2023-10-24 13:32:40 BST",
        "AssertTimestampMonotonic": "343282757569",
        "Before": "multi-user.target shutdown.target network-pre.target",
        "BlockIOAccounting": "no",
        "BlockIOWeight": "18446744073709551615",
        "BusName": "org.fedoraproject.FirewallD1",
        "CPUAccounting": "no",
        "CPUQuotaPerSecUSec": "infinity",
        "CPUSchedulingPolicy": "0",
        "CPUSchedulingPriority": "0",
        "CPUSchedulingResetOnFork": "no",
        "CPUShares": "18446744073709551615",
        "CanIsolate": "no",
        "CanReload": "yes",
        "CanStart": "yes",
        "CanStop": "yes",
        "CapabilityBoundingSet": "18446744073709551615",
        "CollectMode": "inactive",
        "ConditionResult": "yes",
        "ConditionTimestamp": "Tue 2023-10-24 13:32:40 BST",
        "ConditionTimestampMonotonic": "343282757569",
        "Conflicts": "ip6tables.service iptables.service ipset.service ebtables.service shutdown.target",
        "ControlPID": "0",
        "DefaultDependencies": "yes",
        "Delegate": "no",
        "Description": "firewalld - dynamic firewall daemon",
        "DevicePolicy": "auto",
        "Documentation": "man:firewalld(1)",
        "EnvironmentFile": "/etc/sysconfig/firewalld (ignore_errors=yes)",
        "ExecMainCode": "1",
        "ExecMainExitTimestamp": "Tue 2023-10-24 16:51:47 BST",
        "ExecMainExitTimestampMonotonic": "355229798768",
        "ExecMainPID": "28934",
        "ExecMainStartTimestamp": "Tue 2023-10-24 13:32:40 BST",
        "ExecMainStartTimestampMonotonic": "343282782216",
        "ExecMainStatus": "0",
        "ExecReload": "{ path=/bin/kill ; argv[]=/bin/kill -HUP $MAINPID ; ignore_errors=no ; start_time=[n/a] ; stop_time=[n/a] ; pid=0 ; code=(null) ; status=0/0 }",
        "ExecStart": "{ path=/usr/sbin/firewalld ; argv[]=/usr/sbin/firewalld --nofork --nopid $FIREWALLD_ARGS ; ignore_errors=no ; start_time=[n/a] ; stop_time=[n/a] ; pid=0 ; code=(null) ; status=0/0 }",
        "FailureAction": "none",
        "FileDescriptorStoreMax": "0",
        "FragmentPath": "/usr/lib/systemd/system/firewalld.service",
        "GuessMainPID": "yes",
        "IOScheduling": "0",
        "Id": "firewalld.service",
        "IgnoreOnIsolate": "no",
        "IgnoreOnSnapshot": "no",
        "IgnoreSIGPIPE": "yes",
        "InactiveEnterTimestamp": "Tue 2023-10-24 16:51:47 BST",
        "InactiveEnterTimestampMonotonic": "355229798971",
        "InactiveExitTimestamp": "Tue 2023-10-24 13:32:40 BST",
        "InactiveExitTimestampMonotonic": "343282782335",
        "JobTimeoutAction": "none",
        "JobTimeoutUSec": "0",
        "KillMode": "mixed",
        "KillSignal": "15",
        "LimitAS": "18446744073709551615",
        "LimitCORE": "18446744073709551615",
        "LimitCPU": "18446744073709551615",
        "LimitDATA": "18446744073709551615",
        "LimitFSIZE": "18446744073709551615",
        "LimitLOCKS": "18446744073709551615",
        "LimitMEMLOCK": "65536",
        "LimitMSGQUEUE": "819200",
        "LimitNICE": "0",
        "LimitNOFILE": "4096",
        "LimitNPROC": "6680",
        "LimitRSS": "18446744073709551615",
        "LimitRTPRIO": "0",
        "LimitRTTIME": "18446744073709551615",
        "LimitSIGPENDING": "6680",
        "LimitSTACK": "18446744073709551615",
        "LoadState": "loaded",
        "MainPID": "0",
        "MemoryAccounting": "no",
        "MemoryCurrent": "18446744073709551615",
        "MemoryLimit": "18446744073709551615",
        "MountFlags": "0",
        "Names": "firewalld.service",
        "NeedDaemonReload": "no",
        "Nice": "0",
        "NoNewPrivileges": "no",
        "NonBlocking": "no",
        "NotifyAccess": "none",
        "OOMScoreAdjust": "0",
        "OnFailureJobMode": "replace",
        "PermissionsStartOnly": "no",
        "PrivateDevices": "no",
        "PrivateNetwork": "no",
        "PrivateTmp": "no",
        "ProtectHome": "no",
        "ProtectSystem": "no",
        "RefuseManualStart": "no",
        "RefuseManualStop": "no",
        "RemainAfterExit": "no",
        "Requires": "basic.target system.slice",
        "Restart": "no",
        "RestartUSec": "100ms",
        "Result": "success",
        "RootDirectoryStartOnly": "no",
        "RuntimeDirectoryMode": "0755",
        "SameProcessGroup": "no",
        "SecureBits": "0",
        "SendSIGHUP": "no",
        "SendSIGKILL": "yes",
        "Slice": "system.slice",
        "StandardError": "null",
        "StandardInput": "null",
        "StandardOutput": "null",
        "StartLimitAction": "none",
        "StartLimitBurst": "5",
        "StartLimitInterval": "10000000",
        "StartupBlockIOWeight": "18446744073709551615",
        "StartupCPUShares": "18446744073709551615",
        "StatusErrno": "0",
        "StopWhenUnneeded": "no",
        "SubState": "dead",
        "SyslogLevelPrefix": "yes",
        "SyslogPriority": "30",
        "SystemCallErrorNumber": "0",
        "TTYReset": "no",
        "TTYVHangup": "no",
        "TTYVTDisallocate": "no",
        "TasksAccounting": "no",
        "TasksCurrent": "18446744073709551615",
        "TasksMax": "18446744073709551615",
        "TimeoutStartUSec": "1min 30s",
        "TimeoutStopUSec": "1min 30s",
        "TimerSlackNSec": "50000",
        "Transient": "no",
        "Type": "dbus",
        "UMask": "0022",
        "UnitFilePreset": "enabled",
        "UnitFileState": "enabled",
        "WantedBy": "multi-user.target",
        "Wants": "network-pre.target",
        "WatchdogTimestampMonotonic": "0",
        "WatchdogUSec": "0"
    }
}
2023-11-10 13:18:05,045 p=1917992 u=root n=ansible | changed: [hdfsdn01] => {
    "changed": true,
    "enabled": true,
    "name": "firewalld",
    "state": "started",
    "status": {
        "ActiveEnterTimestamp": "Wed 2023-10-25 11:43:34 BST",
        "ActiveEnterTimestampMonotonic": "104937705",
        "ActiveExitTimestamp": "Tue 2023-11-07 16:17:04 GMT",
        "ActiveExitTimestampMonotonic": "1143314215068",
        "ActiveState": "inactive",
        "After": "system.slice dbus.service polkit.service basic.target",
        "AllowIsolate": "no",
        "AmbientCapabilities": "0",
        "AssertResult": "yes",
        "AssertTimestamp": "Wed 2023-10-25 11:43:28 BST",
        "AssertTimestampMonotonic": "98288536",
        "Before": "shutdown.target multi-user.target network-pre.target",
        "BlockIOAccounting": "no",
        "BlockIOWeight": "18446744073709551615",
        "BusName": "org.fedoraproject.FirewallD1",
        "CPUAccounting": "no",
        "CPUQuotaPerSecUSec": "infinity",
        "CPUSchedulingPolicy": "0",
        "CPUSchedulingPriority": "0",
        "CPUSchedulingResetOnFork": "no",
        "CPUShares": "18446744073709551615",
        "CanIsolate": "no",
        "CanReload": "yes",
        "CanStart": "yes",
        "CanStop": "yes",
        "CapabilityBoundingSet": "18446744073709551615",
        "CollectMode": "inactive",
        "ConditionResult": "yes",
        "ConditionTimestamp": "Wed 2023-10-25 11:43:28 BST",
        "ConditionTimestampMonotonic": "98288536",
        "Conflicts": "ebtables.service iptables.service ip6tables.service shutdown.target ipset.service",
        "ControlPID": "0",
        "DefaultDependencies": "yes",
        "Delegate": "no",
        "Description": "firewalld - dynamic firewall daemon",
        "DevicePolicy": "auto",
        "Documentation": "man:firewalld(1)",
        "EnvironmentFile": "/etc/sysconfig/firewalld (ignore_errors=yes)",
        "ExecMainCode": "1",
        "ExecMainExitTimestamp": "Tue 2023-11-07 16:17:31 GMT",
        "ExecMainExitTimestampMonotonic": "1143341393536",
        "ExecMainPID": "838",
        "ExecMainStartTimestamp": "Wed 2023-10-25 11:43:28 BST",
        "ExecMainStartTimestampMonotonic": "98311693",
        "ExecMainStatus": "0",
        "ExecReload": "{ path=/bin/kill ; argv[]=/bin/kill -HUP $MAINPID ; ignore_errors=no ; start_time=[n/a] ; stop_time=[n/a] ; pid=0 ; code=(null) ; status=0/0 }",
        "ExecStart": "{ path=/usr/sbin/firewalld ; argv[]=/usr/sbin/firewalld --nofork --nopid $FIREWALLD_ARGS ; ignore_errors=no ; start_time=[n/a] ; stop_time=[n/a] ; pid=0 ; code=(null) ; status=0/0 }",
        "FailureAction": "none",
        "FileDescriptorStoreMax": "0",
        "FragmentPath": "/usr/lib/systemd/system/firewalld.service",
        "GuessMainPID": "yes",
        "IOScheduling": "0",
        "Id": "firewalld.service",
        "IgnoreOnIsolate": "no",
        "IgnoreOnSnapshot": "no",
        "IgnoreSIGPIPE": "yes",
        "InactiveEnterTimestamp": "Tue 2023-11-07 16:17:31 GMT",
        "InactiveEnterTimestampMonotonic": "1143341394207",
        "InactiveExitTimestamp": "Wed 2023-10-25 11:43:28 BST",
        "InactiveExitTimestampMonotonic": "98311852",
        "JobTimeoutAction": "none",
        "JobTimeoutUSec": "0",
        "KillMode": "mixed",
        "KillSignal": "15",
        "LimitAS": "18446744073709551615",
        "LimitCORE": "18446744073709551615",
        "LimitCPU": "18446744073709551615",
        "LimitDATA": "18446744073709551615",
        "LimitFSIZE": "18446744073709551615",
        "LimitLOCKS": "18446744073709551615",
        "LimitMEMLOCK": "65536",
        "LimitMSGQUEUE": "819200",
        "LimitNICE": "0",
        "LimitNOFILE": "4096",
        "LimitNPROC": "6609",
        "LimitRSS": "18446744073709551615",
        "LimitRTPRIO": "0",
        "LimitRTTIME": "18446744073709551615",
        "LimitSIGPENDING": "6609",
        "LimitSTACK": "18446744073709551615",
        "LoadState": "loaded",
        "MainPID": "0",
        "MemoryAccounting": "no",
        "MemoryCurrent": "18446744073709551615",
        "MemoryLimit": "18446744073709551615",
        "MountFlags": "0",
        "Names": "firewalld.service",
        "NeedDaemonReload": "no",
        "Nice": "0",
        "NoNewPrivileges": "no",
        "NonBlocking": "no",
        "NotifyAccess": "none",
        "OOMScoreAdjust": "0",
        "OnFailureJobMode": "replace",
        "PermissionsStartOnly": "no",
        "PrivateDevices": "no",
        "PrivateNetwork": "no",
        "PrivateTmp": "no",
        "ProtectHome": "no",
        "ProtectSystem": "no",
        "RefuseManualStart": "no",
        "RefuseManualStop": "no",
        "RemainAfterExit": "no",
        "Requires": "basic.target system.slice",
        "Restart": "no",
        "RestartUSec": "100ms",
        "Result": "success",
        "RootDirectoryStartOnly": "no",
        "RuntimeDirectoryMode": "0755",
        "SameProcessGroup": "no",
        "SecureBits": "0",
        "SendSIGHUP": "no",
        "SendSIGKILL": "yes",
        "Slice": "system.slice",
        "StandardError": "null",
        "StandardInput": "null",
        "StandardOutput": "null",
        "StartLimitAction": "none",
        "StartLimitBurst": "5",
        "StartLimitInterval": "10000000",
        "StartupBlockIOWeight": "18446744073709551615",
        "StartupCPUShares": "18446744073709551615",
        "StatusErrno": "0",
        "StopWhenUnneeded": "no",
        "SubState": "dead",
        "SyslogLevelPrefix": "yes",
        "SyslogPriority": "30",
        "SystemCallErrorNumber": "0",
        "TTYReset": "no",
        "TTYVHangup": "no",
        "TTYVTDisallocate": "no",
        "TasksAccounting": "no",
        "TasksCurrent": "18446744073709551615",
        "TasksMax": "18446744073709551615",
        "TimeoutStartUSec": "1min 30s",
        "TimeoutStopUSec": "1min 30s",
        "TimerSlackNSec": "50000",
        "Transient": "no",
        "Type": "dbus",
        "UMask": "0022",
        "UnitFilePreset": "enabled",
        "UnitFileState": "enabled",
        "WantedBy": "multi-user.target",
        "Wants": "network-pre.target",
        "WatchdogTimestampMonotonic": "0",
        "WatchdogUSec": "0"
    }
}
2023-11-10 13:18:05,177 p=1917992 u=root n=ansible | TASK [Clean Ram Cache] *********************************************************************************************************
2023-11-10 13:18:10,903 p=1917992 u=root n=ansible | changed: [hdfsnn01] => {
    "changed": true,
    "checksum": "77de68daecd823babbb58edb1c8e14d7106e83bb",
    "dest": "/proc/sys/vm/drop_caches",
    "gid": 0,
    "group": "root",
    "md5sum": "eccbc87e4b5ce2fe28308fd9f2a7baf3",
    "mode": "0200",
    "owner": "root",
    "secontext": "system_u:object_r:sysctl_vm_t:s0",
    "size": 0,
    "src": "/root/.ansible/tmp/ansible-tmp-1699622285.7120838-1928434-105821184059945/source",
    "state": "file",
    "uid": 0
}
2023-11-10 13:18:24,387 p=1917992 u=root n=ansible | changed: [hdfsdn01] => {
    "changed": true,
    "checksum": "77de68daecd823babbb58edb1c8e14d7106e83bb",
    "dest": "/proc/sys/vm/drop_caches",
    "gid": 0,
    "group": "root",
    "md5sum": "eccbc87e4b5ce2fe28308fd9f2a7baf3",
    "mode": "0200",
    "owner": "root",
    "secontext": "system_u:object_r:sysctl_vm_t:s0",
    "size": 0,
    "src": "/root/.ansible/tmp/ansible-tmp-1699622285.7665462-1928436-36120198208639/source",
    "state": "file",
    "uid": 0
}
2023-11-10 13:18:24,546 p=1917992 u=root n=ansible | TASK [configure packages] ******************************************************************************************************
2023-11-10 13:18:24,979 p=1917992 u=root n=ansible | included: /home/ansadmin/playbooks/hdfs/tasks/config.yml for hdfsnn01, hdfsdn01
2023-11-10 13:18:25,120 p=1917992 u=root n=ansible | TASK [create link for /usr/lib/hadoop/conf to version] *************************************************************************
2023-11-10 13:18:30,110 p=1917992 u=root n=ansible | ok: [hdfsnn01] => {
    "changed": false,
    "dest": "/etc/hadoop/conf",
    "gid": 0,
    "group": "root",
    "mode": "0777",
    "owner": "root",
    "secontext": "unconfined_u:object_r:etc_t:s0",
    "size": 39,
    "src": "/usr/lib/hadoop/hadoop-3.3.6/etc/hadoop",
    "state": "link",
    "uid": 0
}
2023-11-10 13:18:30,353 p=1917992 u=root n=ansible | ok: [hdfsdn01] => {
    "changed": false,
    "dest": "/etc/hadoop/conf",
    "gid": 0,
    "group": "root",
    "mode": "0777",
    "owner": "root",
    "secontext": "unconfined_u:object_r:etc_t:s0",
    "size": 39,
    "src": "/usr/lib/hadoop/hadoop-3.3.6/etc/hadoop",
    "state": "link",
    "uid": 0
}
2023-11-10 13:18:30,519 p=1917992 u=root n=ansible | TASK [craete link for /lib/zookeeper/conf to version] **************************************************************************
2023-11-10 13:18:30,800 p=1917992 u=root n=ansible | skipping: [hdfsnn01] => {
    "changed": false,
    "skip_reason": "Conditional result was False"
}
2023-11-10 13:18:30,897 p=1917992 u=root n=ansible | skipping: [hdfsdn01] => {
    "changed": false,
    "skip_reason": "Conditional result was False"
}
2023-11-10 13:18:30,992 p=1917992 u=root n=ansible | TASK [update hadoop-env] *******************************************************************************************************
2023-11-10 13:18:32,601 p=1917992 u=root n=ansible | ok: [hdfsnn01] => (item={'regexp': '^# export JAVA_HOME', 'line': 'export JAVA_HOME=/etc/alternatives/jre/'}) => {
    "ansible_loop_var": "item",
    "backup": "",
    "changed": false,
    "item": {
        "line": "export JAVA_HOME=/etc/alternatives/jre/",
        "regexp": "^# export JAVA_HOME"
    }
}
2023-11-10 13:18:32,693 p=1917992 u=root n=ansible | ok: [hdfsdn01] => (item={'regexp': '^# export JAVA_HOME', 'line': 'export JAVA_HOME=/etc/alternatives/jre/'}) => {
    "ansible_loop_var": "item",
    "backup": "",
    "changed": false,
    "item": {
        "line": "export JAVA_HOME=/etc/alternatives/jre/",
        "regexp": "^# export JAVA_HOME"
    }
}
2023-11-10 13:18:33,246 p=1917992 u=root n=ansible | ok: [hdfsnn01] => (item={'regexp': '^# export HADOOP_HOME', 'line': 'export HADOOP_HOME=/usr/lib/hadoop/hadoop-3.3.6/'}) => {
    "ansible_loop_var": "item",
    "backup": "",
    "changed": false,
    "item": {
        "line": "export HADOOP_HOME=/usr/lib/hadoop/hadoop-3.3.6/",
        "regexp": "^# export HADOOP_HOME"
    }
}
2023-11-10 13:18:33,562 p=1917992 u=root n=ansible | ok: [hdfsdn01] => (item={'regexp': '^# export HADOOP_HOME', 'line': 'export HADOOP_HOME=/usr/lib/hadoop/hadoop-3.3.6/'}) => {
    "ansible_loop_var": "item",
    "backup": "",
    "changed": false,
    "item": {
        "line": "export HADOOP_HOME=/usr/lib/hadoop/hadoop-3.3.6/",
        "regexp": "^# export HADOOP_HOME"
    }
}
2023-11-10 13:18:33,961 p=1917992 u=root n=ansible | ok: [hdfsnn01] => (item={'regexp': '^# export HADOOP_LOG_DIR=', 'line': 'export export HADOOP_LOG_DIR=/var/log/hadoop'}) => {
    "ansible_loop_var": "item",
    "backup": "",
    "changed": false,
    "item": {
        "line": "export export HADOOP_LOG_DIR=/var/log/hadoop",
        "regexp": "^# export HADOOP_LOG_DIR="
    }
}
2023-11-10 13:18:34,198 p=1917992 u=root n=ansible | ok: [hdfsdn01] => (item={'regexp': '^# export HADOOP_LOG_DIR=', 'line': 'export export HADOOP_LOG_DIR=/var/log/hadoop'}) => {
    "ansible_loop_var": "item",
    "backup": "",
    "changed": false,
    "item": {
        "line": "export export HADOOP_LOG_DIR=/var/log/hadoop",
        "regexp": "^# export HADOOP_LOG_DIR="
    }
}
2023-11-10 13:18:34,741 p=1917992 u=root n=ansible | ok: [hdfsnn01] => (item={'regexp': '^# export HADOOP_CONF_DIR', 'line': 'export HADOOP_CONF_DIR=/etc/hadoop/conf'}) => {
    "ansible_loop_var": "item",
    "backup": "",
    "changed": false,
    "item": {
        "line": "export HADOOP_CONF_DIR=/etc/hadoop/conf",
        "regexp": "^# export HADOOP_CONF_DIR"
    }
}
2023-11-10 13:18:34,870 p=1917992 u=root n=ansible | ok: [hdfsdn01] => (item={'regexp': '^# export HADOOP_CONF_DIR', 'line': 'export HADOOP_CONF_DIR=/etc/hadoop/conf'}) => {
    "ansible_loop_var": "item",
    "backup": "",
    "changed": false,
    "item": {
        "line": "export HADOOP_CONF_DIR=/etc/hadoop/conf",
        "regexp": "^# export HADOOP_CONF_DIR"
    }
}
2023-11-10 13:18:35,539 p=1917992 u=root n=ansible | ok: [hdfsnn01] => (item={'regexp': '^# HADDOOP_OS_TYPE$', 'line': 'export HADOOP_OS_TYPE=${HADOOP_OS_TYPE:-$(uname -s)}'}) => {
    "ansible_loop_var": "item",
    "backup": "",
    "changed": false,
    "item": {
        "line": "export HADOOP_OS_TYPE=${HADOOP_OS_TYPE:-$(uname -s)}",
        "regexp": "^# HADDOOP_OS_TYPE$"
    }
}
2023-11-10 13:18:35,593 p=1917992 u=root n=ansible | ok: [hdfsdn01] => (item={'regexp': '^# HADDOOP_OS_TYPE$', 'line': 'export HADOOP_OS_TYPE=${HADOOP_OS_TYPE:-$(uname -s)}'}) => {
    "ansible_loop_var": "item",
    "backup": "",
    "changed": false,
    "item": {
        "line": "export HADOOP_OS_TYPE=${HADOOP_OS_TYPE:-$(uname -s)}",
        "regexp": "^# HADDOOP_OS_TYPE$"
    }
}
2023-11-10 13:18:36,157 p=1917992 u=root n=ansible | ok: [hdfsnn01] => (item={'regexp': '^# export HADOOP_WORKERS', 'line': 'export HADOOP_WORKERS="${HADOOP_CONF_DIR}/workers"'}) => {
    "ansible_loop_var": "item",
    "backup": "",
    "changed": false,
    "item": {
        "line": "export HADOOP_WORKERS=\"${HADOOP_CONF_DIR}/workers\"",
        "regexp": "^# export HADOOP_WORKERS"
    }
}
2023-11-10 13:18:36,254 p=1917992 u=root n=ansible | ok: [hdfsdn01] => (item={'regexp': '^# export HADOOP_WORKERS', 'line': 'export HADOOP_WORKERS="${HADOOP_CONF_DIR}/workers"'}) => {
    "ansible_loop_var": "item",
    "backup": "",
    "changed": false,
    "item": {
        "line": "export HADOOP_WORKERS=\"${HADOOP_CONF_DIR}/workers\"",
        "regexp": "^# export HADOOP_WORKERS"
    }
}
2023-11-10 13:18:36,823 p=1917992 u=root n=ansible | ok: [hdfsnn01] => (item={'regexp': '^# export HADOOP_IDENT_STRING=', 'line': 'export HADOOP_IDENT_STRING=$USER'}) => {
    "ansible_loop_var": "item",
    "backup": "",
    "changed": false,
    "item": {
        "line": "export HADOOP_IDENT_STRING=$USER",
        "regexp": "^# export HADOOP_IDENT_STRING="
    }
}
2023-11-10 13:18:37,062 p=1917992 u=root n=ansible | ok: [hdfsdn01] => (item={'regexp': '^# export HADOOP_IDENT_STRING=', 'line': 'export HADOOP_IDENT_STRING=$USER'}) => {
    "ansible_loop_var": "item",
    "backup": "",
    "changed": false,
    "item": {
        "line": "export HADOOP_IDENT_STRING=$USER",
        "regexp": "^# export HADOOP_IDENT_STRING="
    }
}
2023-11-10 13:18:37,575 p=1917992 u=root n=ansible | ok: [hdfsdn01] => (item={'regexp': '^# export HADOOP_STOP_TIMEOUT', 'line': 'export HADOOP_STOP_TIMEOUT=5'}) => {
    "ansible_loop_var": "item",
    "backup": "",
    "changed": false,
    "item": {
        "line": "export HADOOP_STOP_TIMEOUT=5",
        "regexp": "^# export HADOOP_STOP_TIMEOUT"
    }
}
2023-11-10 13:18:37,790 p=1917992 u=root n=ansible | ok: [hdfsnn01] => (item={'regexp': '^# export HADOOP_STOP_TIMEOUT', 'line': 'export HADOOP_STOP_TIMEOUT=5'}) => {
    "ansible_loop_var": "item",
    "backup": "",
    "changed": false,
    "item": {
        "line": "export HADOOP_STOP_TIMEOUT=5",
        "regexp": "^# export HADOOP_STOP_TIMEOUT"
    }
}
2023-11-10 13:18:38,487 p=1917992 u=root n=ansible | ok: [hdfsnn01] => (item={'regexp': '^# export HADOOP_PID_DIR', 'line': 'export HADOOP_PID_DIR=/var/run/hadoop'}) => {
    "ansible_loop_var": "item",
    "backup": "",
    "changed": false,
    "item": {
        "line": "export HADOOP_PID_DIR=/var/run/hadoop",
        "regexp": "^# export HADOOP_PID_DIR"
    }
}
2023-11-10 13:18:38,706 p=1917992 u=root n=ansible | ok: [hdfsdn01] => (item={'regexp': '^# export HADOOP_PID_DIR', 'line': 'export HADOOP_PID_DIR=/var/run/hadoop'}) => {
    "ansible_loop_var": "item",
    "backup": "",
    "changed": false,
    "item": {
        "line": "export HADOOP_PID_DIR=/var/run/hadoop",
        "regexp": "^# export HADOOP_PID_DIR"
    }
}
2023-11-10 13:18:39,079 p=1917992 u=root n=ansible | ok: [hdfsnn01] => (item={'regexp': '^# export HADOOP_ROOT_LOGGER', 'line': 'export HADOOP_ROOT_LOGGER=INFO,console'}) => {
    "ansible_loop_var": "item",
    "backup": "",
    "changed": false,
    "item": {
        "line": "export HADOOP_ROOT_LOGGER=INFO,console",
        "regexp": "^# export HADOOP_ROOT_LOGGER"
    }
}
2023-11-10 13:18:39,740 p=1917992 u=root n=ansible | changed: [hdfsdn01] => (item={'regexp': '^# export HADOOP_ROOT_LOGGER', 'line': 'export HADOOP_ROOT_LOGGER=INFO,console'}) => {
    "ansible_loop_var": "item",
    "backup": "/etc/hadoop/conf/hadoop-env.sh.32135.2023-11-10@13:18:39~",
    "changed": true,
    "item": {
        "line": "export HADOOP_ROOT_LOGGER=INFO,console",
        "regexp": "^# export HADOOP_ROOT_LOGGER"
    }
}

MSG:

line added

2023-11-10 13:18:39,810 p=1917992 u=root n=ansible | ok: [hdfsnn01] => (item={'regexp': '^# export HADOOP_DAEMON_ROOT_LOGGER', 'line': 'export HADOOP_DAEMON_ROOT_LOGGER=INFO,RFA'}) => {
    "ansible_loop_var": "item",
    "backup": "",
    "changed": false,
    "item": {
        "line": "export HADOOP_DAEMON_ROOT_LOGGER=INFO,RFA",
        "regexp": "^# export HADOOP_DAEMON_ROOT_LOGGER"
    }
}
2023-11-10 13:18:40,604 p=1917992 u=root n=ansible | changed: [hdfsdn01] => (item={'regexp': '^# export HADOOP_DAEMON_ROOT_LOGGER', 'line': 'export HADOOP_DAEMON_ROOT_LOGGER=INFO,RFA'}) => {
    "ansible_loop_var": "item",
    "backup": "/etc/hadoop/conf/hadoop-env.sh.32147.2023-11-10@13:18:40~",
    "changed": true,
    "item": {
        "line": "export HADOOP_DAEMON_ROOT_LOGGER=INFO,RFA",
        "regexp": "^# export HADOOP_DAEMON_ROOT_LOGGER"
    }
}

MSG:

line added

2023-11-10 13:18:40,734 p=1917992 u=root n=ansible | ok: [hdfsnn01] => (item={'regexp': '^# export HADOOP_SECURITY_LOGGER', 'line': 'export HADOOP_SECURITY_LOGGER=INFO,NullAppender'}) => {
    "ansible_loop_var": "item",
    "backup": "",
    "changed": false,
    "item": {
        "line": "export HADOOP_SECURITY_LOGGER=INFO,NullAppender",
        "regexp": "^# export HADOOP_SECURITY_LOGGER"
    }
}
2023-11-10 13:18:41,294 p=1917992 u=root n=ansible | changed: [hdfsdn01] => (item={'regexp': '^# export HADOOP_SECURITY_LOGGER', 'line': 'export HADOOP_SECURITY_LOGGER=INFO,NullAppender'}) => {
    "ansible_loop_var": "item",
    "backup": "/etc/hadoop/conf/hadoop-env.sh.32159.2023-11-10@13:18:41~",
    "changed": true,
    "item": {
        "line": "export HADOOP_SECURITY_LOGGER=INFO,NullAppender",
        "regexp": "^# export HADOOP_SECURITY_LOGGER"
    }
}

MSG:

line added

2023-11-10 13:18:41,728 p=1917992 u=root n=ansible | ok: [hdfsnn01] => (item={'regexp': '^# export HADOOP_POLICYFILE', 'line': 'export HADOOP_POLICYFILE="hadoop-policy.xml"'}) => {
    "ansible_loop_var": "item",
    "backup": "",
    "changed": false,
    "item": {
        "line": "export HADOOP_POLICYFILE=\"hadoop-policy.xml\"",
        "regexp": "^# export HADOOP_POLICYFILE"
    }
}
2023-11-10 13:18:42,128 p=1917992 u=root n=ansible | ok: [hdfsdn01] => (item={'regexp': '^# export HADOOP_POLICYFILE', 'line': 'export HADOOP_POLICYFILE="hadoop-policy.xml"'}) => {
    "ansible_loop_var": "item",
    "backup": "",
    "changed": false,
    "item": {
        "line": "export HADOOP_POLICYFILE=\"hadoop-policy.xml\"",
        "regexp": "^# export HADOOP_POLICYFILE"
    }
}
2023-11-10 13:18:42,857 p=1917992 u=root n=ansible | ok: [hdfsnn01] => (item={'regexp': '^# export JSVC_HOME', 'line': 'export JSVC_HOME=/usr/bin'}) => {
    "ansible_loop_var": "item",
    "backup": "",
    "changed": false,
    "item": {
        "line": "export JSVC_HOME=/usr/bin",
        "regexp": "^# export JSVC_HOME"
    }
}
2023-11-10 13:18:43,131 p=1917992 u=root n=ansible | ok: [hdfsdn01] => (item={'regexp': '^# export JSVC_HOME', 'line': 'export JSVC_HOME=/usr/bin'}) => {
    "ansible_loop_var": "item",
    "backup": "",
    "changed": false,
    "item": {
        "line": "export JSVC_HOME=/usr/bin",
        "regexp": "^# export JSVC_HOME"
    }
}
2023-11-10 13:18:43,824 p=1917992 u=root n=ansible | ok: [hdfsnn01] => (item={'regexp': '^# export HADOOP_SECURE_PID_DIR', 'line': 'export HADOOP_SECURE_PID_DIR=${HADOOP_PID_DIR}'}) => {
    "ansible_loop_var": "item",
    "backup": "",
    "changed": false,
    "item": {
        "line": "export HADOOP_SECURE_PID_DIR=${HADOOP_PID_DIR}",
        "regexp": "^# export HADOOP_SECURE_PID_DIR"
    }
}
2023-11-10 13:18:43,999 p=1917992 u=root n=ansible | ok: [hdfsdn01] => (item={'regexp': '^# export HADOOP_SECURE_PID_DIR', 'line': 'export HADOOP_SECURE_PID_DIR=${HADOOP_PID_DIR}'}) => {
    "ansible_loop_var": "item",
    "backup": "",
    "changed": false,
    "item": {
        "line": "export HADOOP_SECURE_PID_DIR=${HADOOP_PID_DIR}",
        "regexp": "^# export HADOOP_SECURE_PID_DIR"
    }
}
2023-11-10 13:18:44,595 p=1917992 u=root n=ansible | ok: [hdfsnn01] => (item={'regexp': '^# export HDFS_AUDIT_LOGGER=', 'line': 'export HDFS_AUDIT_LOGGER=INFO,NullAppender'}) => {
    "ansible_loop_var": "item",
    "backup": "",
    "changed": false,
    "item": {
        "line": "export HDFS_AUDIT_LOGGER=INFO,NullAppender",
        "regexp": "^# export HDFS_AUDIT_LOGGER="
    }
}
2023-11-10 13:18:45,174 p=1917992 u=root n=ansible | changed: [hdfsdn01] => (item={'regexp': '^# export HDFS_AUDIT_LOGGER=', 'line': 'export HDFS_AUDIT_LOGGER=INFO,NullAppender'}) => {
    "ansible_loop_var": "item",
    "backup": "/etc/hadoop/conf/hadoop-env.sh.32203.2023-11-10@13:18:45~",
    "changed": true,
    "item": {
        "line": "export HDFS_AUDIT_LOGGER=INFO,NullAppender",
        "regexp": "^# export HDFS_AUDIT_LOGGER="
    }
}

MSG:

line added

2023-11-10 13:18:45,217 p=1917992 u=root n=ansible | ok: [hdfsnn01] => (item={'regexp': '^# export HDFS_NAMENODE_OPTS', 'line': 'export HDFS_NAMENODE_OPTS="-Dhadoop.security.logger=INFO,RFAS"'}) => {
    "ansible_loop_var": "item",
    "backup": "",
    "changed": false,
    "item": {
        "line": "export HDFS_NAMENODE_OPTS=\"-Dhadoop.security.logger=INFO,RFAS\"",
        "regexp": "^# export HDFS_NAMENODE_OPTS"
    }
}
2023-11-10 13:18:45,981 p=1917992 u=root n=ansible | ok: [hdfsdn01] => (item={'regexp': '^# export HDFS_NAMENODE_OPTS', 'line': 'export HDFS_NAMENODE_OPTS="-Dhadoop.security.logger=INFO,RFAS"'}) => {
    "ansible_loop_var": "item",
    "backup": "",
    "changed": false,
    "item": {
        "line": "export HDFS_NAMENODE_OPTS=\"-Dhadoop.security.logger=INFO,RFAS\"",
        "regexp": "^# export HDFS_NAMENODE_OPTS"
    }
}
2023-11-10 13:18:46,223 p=1917992 u=root n=ansible | ok: [hdfsnn01] => (item={'regexp': '^# export HDFS_DATANODE_OPTS', 'line': 'export HDFS_DATANODE_OPTS="-Dhadoop.security.logger=ERROR,RFAS"'}) => {
    "ansible_loop_var": "item",
    "backup": "",
    "changed": false,
    "item": {
        "line": "export HDFS_DATANODE_OPTS=\"-Dhadoop.security.logger=ERROR,RFAS\"",
        "regexp": "^# export HDFS_DATANODE_OPTS"
    }
}
2023-11-10 13:18:46,876 p=1917992 u=root n=ansible | changed: [hdfsdn01] => (item={'regexp': '^# export HDFS_DATANODE_OPTS', 'line': 'export HDFS_DATANODE_OPTS="-Dhadoop.security.logger=ERROR,RFAS"'}) => {
    "ansible_loop_var": "item",
    "backup": "/etc/hadoop/conf/hadoop-env.sh.32227.2023-11-10@13:18:46~",
    "changed": true,
    "item": {
        "line": "export HDFS_DATANODE_OPTS=\"-Dhadoop.security.logger=ERROR,RFAS\"",
        "regexp": "^# export HDFS_DATANODE_OPTS"
    }
}

MSG:

line added

2023-11-10 13:18:47,052 p=1917992 u=root n=ansible | ok: [hdfsnn01] => (item={'regexp': '^# export HDFS_NAMENODE_USER', 'line': 'export HDFS_NAMENODE_USER=hdfs'}) => {
    "ansible_loop_var": "item",
    "backup": "",
    "changed": false,
    "item": {
        "line": "export HDFS_NAMENODE_USER=hdfs",
        "regexp": "^# export HDFS_NAMENODE_USER"
    }
}
2023-11-10 13:18:48,031 p=1917992 u=root n=ansible | ok: [hdfsnn01] => (item={'regexp': '^# export HDFS_DATANODE_USER', 'line': 'export HDFS_DATANODE_USER=hdfs'}) => {
    "ansible_loop_var": "item",
    "backup": "",
    "changed": false,
    "item": {
        "line": "export HDFS_DATANODE_USER=hdfs",
        "regexp": "^# export HDFS_DATANODE_USER"
    }
}
2023-11-10 13:18:48,358 p=1917992 u=root n=ansible | ok: [hdfsdn01] => (item={'regexp': '^# export HDFS_NAMENODE_USER', 'line': 'export HDFS_NAMENODE_USER=hdfs'}) => {
    "ansible_loop_var": "item",
    "backup": "",
    "changed": false,
    "item": {
        "line": "export HDFS_NAMENODE_USER=hdfs",
        "regexp": "^# export HDFS_NAMENODE_USER"
    }
}
2023-11-10 13:18:48,896 p=1917992 u=root n=ansible | ok: [hdfsnn01] => (item={'regexp': '^# export HDFS_SECONDARYNAMENODE_USER', 'line': 'export HDFS_SECONDARYNAMENODE_USER=hdfs'}) => {
    "ansible_loop_var": "item",
    "backup": "",
    "changed": false,
    "item": {
        "line": "export HDFS_SECONDARYNAMENODE_USER=hdfs",
        "regexp": "^# export HDFS_SECONDARYNAMENODE_USER"
    }
}
2023-11-10 13:18:49,146 p=1917992 u=root n=ansible | changed: [hdfsdn01] => (item={'regexp': '^# export HDFS_DATANODE_USER', 'line': 'export HDFS_DATANODE_USER=hdfs'}) => {
    "ansible_loop_var": "item",
    "backup": "/etc/hadoop/conf/hadoop-env.sh.32249.2023-11-10@13:18:49~",
    "changed": true,
    "item": {
        "line": "export HDFS_DATANODE_USER=hdfs",
        "regexp": "^# export HDFS_DATANODE_USER"
    }
}

MSG:

line added

2023-11-10 13:18:49,686 p=1917992 u=root n=ansible | ok: [hdfsnn01] => (item={'regexp': '^# export HDFS_NFS3_USER', 'line': 'export HDFS_NFS3_USER=hdfs'}) => {
    "ansible_loop_var": "item",
    "backup": "",
    "changed": false,
    "item": {
        "line": "export HDFS_NFS3_USER=hdfs",
        "regexp": "^# export HDFS_NFS3_USER"
    }
}
2023-11-10 13:18:50,107 p=1917992 u=root n=ansible | ok: [hdfsdn01] => (item={'regexp': '^# export HDFS_SECONDARYNAMENODE_USER', 'line': 'export HDFS_SECONDARYNAMENODE_USER=hdfs'}) => {
    "ansible_loop_var": "item",
    "backup": "",
    "changed": false,
    "item": {
        "line": "export HDFS_SECONDARYNAMENODE_USER=hdfs",
        "regexp": "^# export HDFS_SECONDARYNAMENODE_USER"
    }
}
2023-11-10 13:18:50,401 p=1917992 u=root n=ansible | ok: [hdfsnn01] => (item={'regexp': '^# export HDFS_ZKFC_USER', 'line': 'export HDFS_ZKFC_USER=hdfs'}) => {
    "ansible_loop_var": "item",
    "backup": "",
    "changed": false,
    "item": {
        "line": "export HDFS_ZKFC_USER=hdfs",
        "regexp": "^# export HDFS_ZKFC_USER"
    }
}
2023-11-10 13:18:51,060 p=1917992 u=root n=ansible | ok: [hdfsdn01] => (item={'regexp': '^# export HDFS_NFS3_USER', 'line': 'export HDFS_NFS3_USER=hdfs'}) => {
    "ansible_loop_var": "item",
    "backup": "",
    "changed": false,
    "item": {
        "line": "export HDFS_NFS3_USER=hdfs",
        "regexp": "^# export HDFS_NFS3_USER"
    }
}
2023-11-10 13:18:51,163 p=1917992 u=root n=ansible | ok: [hdfsnn01] => (item={'regexp': '^# export HDFS_JOURNALNODE_USER=', 'line': 'export HDFS_JOURNALNODE_USER=hdfs'}) => {
    "ansible_loop_var": "item",
    "backup": "",
    "changed": false,
    "item": {
        "line": "export HDFS_JOURNALNODE_USER=hdfs",
        "regexp": "^# export HDFS_JOURNALNODE_USER="
    }
}
2023-11-10 13:18:51,770 p=1917992 u=root n=ansible | ok: [hdfsdn01] => (item={'regexp': '^# export HDFS_ZKFC_USER', 'line': 'export HDFS_ZKFC_USER=hdfs'}) => {
    "ansible_loop_var": "item",
    "backup": "",
    "changed": false,
    "item": {
        "line": "export HDFS_ZKFC_USER=hdfs",
        "regexp": "^# export HDFS_ZKFC_USER"
    }
}
2023-11-10 13:18:52,256 p=1917992 u=root n=ansible | ok: [hdfsdn01] => (item={'regexp': '^# export HDFS_JOURNALNODE_USER=', 'line': 'export HDFS_JOURNALNODE_USER=hdfs'}) => {
    "ansible_loop_var": "item",
    "backup": "",
    "changed": false,
    "item": {
        "line": "export HDFS_JOURNALNODE_USER=hdfs",
        "regexp": "^# export HDFS_JOURNALNODE_USER="
    }
}
2023-11-10 13:18:52,399 p=1917992 u=root n=ansible | TASK [update yarn-env] *********************************************************************************************************
2023-11-10 13:18:53,620 p=1917992 u=root n=ansible | ok: [hdfsnn01] => (item={'regexp': '^# export JAVA_HOME=', 'line': 'export JAVA_HOME=/etc/alternatives/jre/'}) => {
    "ansible_loop_var": "item",
    "backup": "",
    "changed": false,
    "item": {
        "line": "export JAVA_HOME=/etc/alternatives/jre/",
        "regexp": "^# export JAVA_HOME="
    }
}
2023-11-10 13:18:53,875 p=1917992 u=root n=ansible | ok: [hdfsdn01] => (item={'regexp': '^# export JAVA_HOME=', 'line': 'export JAVA_HOME=/etc/alternatives/jre/'}) => {
    "ansible_loop_var": "item",
    "backup": "",
    "changed": false,
    "item": {
        "line": "export JAVA_HOME=/etc/alternatives/jre/",
        "regexp": "^# export JAVA_HOME="
    }
}
2023-11-10 13:18:54,205 p=1917992 u=root n=ansible | ok: [hdfsnn01] => (item={'regexp': '^# export HADOOP_HOME=', 'line': 'export HADOOP_HOME=/usr/lib/hadoop/hadoop-3.3.6/'}) => {
    "ansible_loop_var": "item",
    "backup": "",
    "changed": false,
    "item": {
        "line": "export HADOOP_HOME=/usr/lib/hadoop/hadoop-3.3.6/",
        "regexp": "^# export HADOOP_HOME="
    }
}
2023-11-10 13:18:54,806 p=1917992 u=root n=ansible | ok: [hdfsnn01] => (item={'regexp': '^# export HADOOP_CONF_DIR=', 'line': 'export HADOOP_CONF_DIR=/etc/hadoop/conf'}) => {
    "ansible_loop_var": "item",
    "backup": "",
    "changed": false,
    "item": {
        "line": "export HADOOP_CONF_DIR=/etc/hadoop/conf",
        "regexp": "^# export HADOOP_CONF_DIR="
    }
}
2023-11-10 13:18:55,197 p=1917992 u=root n=ansible | ok: [hdfsdn01] => (item={'regexp': '^# export HADOOP_HOME=', 'line': 'export HADOOP_HOME=/usr/lib/hadoop/hadoop-3.3.6/'}) => {
    "ansible_loop_var": "item",
    "backup": "",
    "changed": false,
    "item": {
        "line": "export HADOOP_HOME=/usr/lib/hadoop/hadoop-3.3.6/",
        "regexp": "^# export HADOOP_HOME="
    }
}
2023-11-10 13:18:55,383 p=1917992 u=root n=ansible | ok: [hdfsnn01] => (item={'regexp': '^# export YARN_RESOURCEMANAGER_OPTS=', 'line': 'export YARN_RESOURCEMANAGER_OPTS="-Drm.audit.logger=INFO,RMAUDIT"'}) => {
    "ansible_loop_var": "item",
    "backup": "",
    "changed": false,
    "item": {
        "line": "export YARN_RESOURCEMANAGER_OPTS=\"-Drm.audit.logger=INFO,RMAUDIT\"",
        "regexp": "^# export YARN_RESOURCEMANAGER_OPTS="
    }
}
2023-11-10 13:18:55,879 p=1917992 u=root n=ansible | ok: [hdfsdn01] => (item={'regexp': '^# export HADOOP_CONF_DIR=', 'line': 'export HADOOP_CONF_DIR=/etc/hadoop/conf'}) => {
    "ansible_loop_var": "item",
    "backup": "",
    "changed": false,
    "item": {
        "line": "export HADOOP_CONF_DIR=/etc/hadoop/conf",
        "regexp": "^# export HADOOP_CONF_DIR="
    }
}
2023-11-10 13:18:56,453 p=1917992 u=root n=ansible | ok: [hdfsdn01] => (item={'regexp': '^# export YARN_RESOURCEMANAGER_OPTS=', 'line': 'export YARN_RESOURCEMANAGER_OPTS="-Drm.audit.logger=INFO,RMAUDIT"'}) => {
    "ansible_loop_var": "item",
    "backup": "",
    "changed": false,
    "item": {
        "line": "export YARN_RESOURCEMANAGER_OPTS=\"-Drm.audit.logger=INFO,RMAUDIT\"",
        "regexp": "^# export YARN_RESOURCEMANAGER_OPTS="
    }
}
2023-11-10 13:18:56,625 p=1917992 u=root n=ansible | TASK [update mapred-env] *******************************************************************************************************
2023-11-10 13:18:57,614 p=1917992 u=root n=ansible | ok: [hdfsnn01] => (item={'regexp': '^# export JAVA_HOME=', 'line': 'export JAVA_HOME=/etc/alternatives/jre/'}) => {
    "ansible_loop_var": "item",
    "backup": "",
    "changed": false,
    "item": {
        "line": "export JAVA_HOME=/etc/alternatives/jre/",
        "regexp": "^# export JAVA_HOME="
    }
}
2023-11-10 13:18:58,114 p=1917992 u=root n=ansible | ok: [hdfsdn01] => (item={'regexp': '^# export JAVA_HOME=', 'line': 'export JAVA_HOME=/etc/alternatives/jre/'}) => {
    "ansible_loop_var": "item",
    "backup": "",
    "changed": false,
    "item": {
        "line": "export JAVA_HOME=/etc/alternatives/jre/",
        "regexp": "^# export JAVA_HOME="
    }
}
2023-11-10 13:18:58,147 p=1917992 u=root n=ansible | ok: [hdfsnn01] => (item={'regexp': '^# export HADOOP_HOME=', 'line': 'export HADOOP_HOME=/usr/lib/hadoop/hadoop-3.3.6/'}) => {
    "ansible_loop_var": "item",
    "backup": "",
    "changed": false,
    "item": {
        "line": "export HADOOP_HOME=/usr/lib/hadoop/hadoop-3.3.6/",
        "regexp": "^# export HADOOP_HOME="
    }
}
2023-11-10 13:18:58,965 p=1917992 u=root n=ansible | ok: [hdfsdn01] => (item={'regexp': '^# export HADOOP_HOME=', 'line': 'export HADOOP_HOME=/usr/lib/hadoop/hadoop-3.3.6/'}) => {
    "ansible_loop_var": "item",
    "backup": "",
    "changed": false,
    "item": {
        "line": "export HADOOP_HOME=/usr/lib/hadoop/hadoop-3.3.6/",
        "regexp": "^# export HADOOP_HOME="
    }
}
2023-11-10 13:18:58,973 p=1917992 u=root n=ansible | ok: [hdfsnn01] => (item={'regexp': '^export HADOOP_LOG_DIR=', 'line': 'export HADOOP_LOG_DIR=/var/log/hadoop'}) => {
    "ansible_loop_var": "item",
    "backup": "",
    "changed": false,
    "item": {
        "line": "export HADOOP_LOG_DIR=/var/log/hadoop",
        "regexp": "^export HADOOP_LOG_DIR="
    }
}
2023-11-10 13:18:59,848 p=1917992 u=root n=ansible | ok: [hdfsnn01] => (item={'regexp': '^# export HADOOP_CONF_DIR=', 'line': 'export HADOOP_CONF_DIR=/etc/hadoop/conf'}) => {
    "ansible_loop_var": "item",
    "backup": "",
    "changed": false,
    "item": {
        "line": "export HADOOP_CONF_DIR=/etc/hadoop/conf",
        "regexp": "^# export HADOOP_CONF_DIR="
    }
}
2023-11-10 13:18:59,883 p=1917992 u=root n=ansible | ok: [hdfsdn01] => (item={'regexp': '^export HADOOP_LOG_DIR=', 'line': 'export HADOOP_LOG_DIR=/var/log/hadoop'}) => {
    "ansible_loop_var": "item",
    "backup": "",
    "changed": false,
    "item": {
        "line": "export HADOOP_LOG_DIR=/var/log/hadoop",
        "regexp": "^export HADOOP_LOG_DIR="
    }
}
2023-11-10 13:19:00,559 p=1917992 u=root n=ansible | ok: [hdfsnn01] => (item={'regexp': '^# export HADOOP_MAPRED_IDENT_STRING=', 'line': 'export HADOOP_MAPRED_IDENT_STRING=$USER'}) => {
    "ansible_loop_var": "item",
    "backup": "",
    "changed": false,
    "item": {
        "line": "export HADOOP_MAPRED_IDENT_STRING=$USER",
        "regexp": "^# export HADOOP_MAPRED_IDENT_STRING="
    }
}
2023-11-10 13:19:00,878 p=1917992 u=root n=ansible | ok: [hdfsdn01] => (item={'regexp': '^# export HADOOP_CONF_DIR=', 'line': 'export HADOOP_CONF_DIR=/etc/hadoop/conf'}) => {
    "ansible_loop_var": "item",
    "backup": "",
    "changed": false,
    "item": {
        "line": "export HADOOP_CONF_DIR=/etc/hadoop/conf",
        "regexp": "^# export HADOOP_CONF_DIR="
    }
}
2023-11-10 13:19:01,527 p=1917992 u=root n=ansible | ok: [hdfsnn01] => (item={'regexp': '^# export HADOOP_MAPRED_PID_DIR=', 'line': 'export HADOOP_MAPRED_PID_DIR=/var/run/hadoop-mapred'}) => {
    "ansible_loop_var": "item",
    "backup": "",
    "changed": false,
    "item": {
        "line": "export HADOOP_MAPRED_PID_DIR=/var/run/hadoop-mapred",
        "regexp": "^# export HADOOP_MAPRED_PID_DIR="
    }
}
2023-11-10 13:19:01,760 p=1917992 u=root n=ansible | ok: [hdfsdn01] => (item={'regexp': '^# export HADOOP_MAPRED_IDENT_STRING=', 'line': 'export HADOOP_MAPRED_IDENT_STRING=$USER'}) => {
    "ansible_loop_var": "item",
    "backup": "",
    "changed": false,
    "item": {
        "line": "export HADOOP_MAPRED_IDENT_STRING=$USER",
        "regexp": "^# export HADOOP_MAPRED_IDENT_STRING="
    }
}
2023-11-10 13:19:02,218 p=1917992 u=root n=ansible | ok: [hdfsnn01] => (item={'regexp': '^# export HADOOP_MAPRED_ROOT_LOGGER=', 'line': 'export HADOOP_MAPRED_ROOT_LOGGER=INFO,RFA'}) => {
    "ansible_loop_var": "item",
    "backup": "",
    "changed": false,
    "item": {
        "line": "export HADOOP_MAPRED_ROOT_LOGGER=INFO,RFA",
        "regexp": "^# export HADOOP_MAPRED_ROOT_LOGGER="
    }
}
2023-11-10 13:19:02,698 p=1917992 u=root n=ansible | ok: [hdfsdn01] => (item={'regexp': '^# export HADOOP_MAPRED_PID_DIR=', 'line': 'export HADOOP_MAPRED_PID_DIR=/var/run/hadoop-mapred'}) => {
    "ansible_loop_var": "item",
    "backup": "",
    "changed": false,
    "item": {
        "line": "export HADOOP_MAPRED_PID_DIR=/var/run/hadoop-mapred",
        "regexp": "^# export HADOOP_MAPRED_PID_DIR="
    }
}
2023-11-10 13:19:03,043 p=1917992 u=root n=ansible | ok: [hdfsnn01] => (item={'regexp': '^# export HADOOP_JHS_LOGGER=', 'line': 'export HADOOP_JHS_LOGGER=INFO,RFA'}) => {
    "ansible_loop_var": "item",
    "backup": "",
    "changed": false,
    "item": {
        "line": "export HADOOP_JHS_LOGGER=INFO,RFA",
        "regexp": "^# export HADOOP_JHS_LOGGER="
    }
}
2023-11-10 13:19:03,298 p=1917992 u=root n=ansible | ok: [hdfsdn01] => (item={'regexp': '^# export HADOOP_MAPRED_ROOT_LOGGER=', 'line': 'export HADOOP_MAPRED_ROOT_LOGGER=INFO,RFA'}) => {
    "ansible_loop_var": "item",
    "backup": "",
    "changed": false,
    "item": {
        "line": "export HADOOP_MAPRED_ROOT_LOGGER=INFO,RFA",
        "regexp": "^# export HADOOP_MAPRED_ROOT_LOGGER="
    }
}
2023-11-10 13:19:03,942 p=1917992 u=root n=ansible | ok: [hdfsdn01] => (item={'regexp': '^# export HADOOP_JHS_LOGGER=', 'line': 'export HADOOP_JHS_LOGGER=INFO,RFA'}) => {
    "ansible_loop_var": "item",
    "backup": "",
    "changed": false,
    "item": {
        "line": "export HADOOP_JHS_LOGGER=INFO,RFA",
        "regexp": "^# export HADOOP_JHS_LOGGER="
    }
}
2023-11-10 13:19:04,090 p=1917992 u=root n=ansible | TASK [log4j.properties] ********************************************************************************************************
2023-11-10 13:19:05,056 p=1917992 u=root n=ansible | ok: [hdfsnn01] => (item={'regexp': '^hadoop.log.dir=', 'line': 'hadoop.log.dir=/var/log/hadoop'}) => {
    "ansible_loop_var": "item",
    "backup": "",
    "changed": false,
    "item": {
        "line": "hadoop.log.dir=/var/log/hadoop",
        "regexp": "^hadoop.log.dir="
    }
}
2023-11-10 13:19:05,246 p=1917992 u=root n=ansible | ok: [hdfsdn01] => (item={'regexp': '^hadoop.log.dir=', 'line': 'hadoop.log.dir=/var/log/hadoop'}) => {
    "ansible_loop_var": "item",
    "backup": "",
    "changed": false,
    "item": {
        "line": "hadoop.log.dir=/var/log/hadoop",
        "regexp": "^hadoop.log.dir="
    }
}
2023-11-10 13:19:05,389 p=1917992 u=root n=ansible | TASK [update core-site.xml] ****************************************************************************************************
2023-11-10 13:19:07,767 p=1917992 u=root n=ansible | changed: [hdfsnn01] => {
    "backup_file": "/etc/hadoop/conf/core-site.xml.8509.2023-11-10@13:19:07~",
    "changed": true,
    "checksum": "6db564c65720229a704bbd4cbb051f2161f2cbca",
    "dest": "/etc/hadoop/conf/core-site.xml",
    "gid": 1000,
    "group": "hadoop",
    "md5sum": "6efceb57faa8ccefc6d75405e03c93f2",
    "mode": "0644",
    "owner": "hadoop",
    "secontext": "system_u:object_r:lib_t:s0",
    "size": 6201,
    "src": "/root/.ansible/tmp/ansible-tmp-1699622345.7495704-1928907-89407623743815/source",
    "state": "file",
    "uid": 1000
}
2023-11-10 13:19:07,999 p=1917992 u=root n=ansible | changed: [hdfsdn01] => {
    "backup_file": "/etc/hadoop/conf/core-site.xml.32473.2023-11-10@13:19:07~",
    "changed": true,
    "checksum": "6db564c65720229a704bbd4cbb051f2161f2cbca",
    "dest": "/etc/hadoop/conf/core-site.xml",
    "gid": 1000,
    "group": "hadoop",
    "md5sum": "6efceb57faa8ccefc6d75405e03c93f2",
    "mode": "0644",
    "owner": "hadoop",
    "secontext": "unconfined_u:object_r:lib_t:s0",
    "size": 6201,
    "src": "/root/.ansible/tmp/ansible-tmp-1699622345.8226745-1928908-173454755249081/source",
    "state": "file",
    "uid": 1000
}
2023-11-10 13:19:08,137 p=1917992 u=root n=ansible | TASK [update hdfssite.xml] *****************************************************************************************************
2023-11-10 13:19:10,219 p=1917992 u=root n=ansible | changed: [hdfsnn01] => {
    "backup_file": "/etc/hadoop/conf/hdfs-site.xml.8573.2023-11-10@13:19:10~",
    "changed": true,
    "checksum": "7a9694a8c66d7f923a1e2af06108c0aed5edd0bc",
    "dest": "/etc/hadoop/conf/hdfs-site.xml",
    "gid": 1000,
    "group": "hadoop",
    "md5sum": "a77ae46e8b87549cca38d81eaf533012",
    "mode": "0644",
    "owner": "hdfs",
    "secontext": "unconfined_u:object_r:lib_t:s0",
    "size": 5146,
    "src": "/root/.ansible/tmp/ansible-tmp-1699622348.62714-1928943-241220514980230/source",
    "state": "file",
    "uid": 1001
}
2023-11-10 13:19:10,569 p=1917992 u=root n=ansible | changed: [hdfsdn01] => {
    "backup_file": "/etc/hadoop/conf/hdfs-site.xml.32537.2023-11-10@13:19:10~",
    "changed": true,
    "checksum": "7a9694a8c66d7f923a1e2af06108c0aed5edd0bc",
    "dest": "/etc/hadoop/conf/hdfs-site.xml",
    "gid": 1000,
    "group": "hadoop",
    "md5sum": "a77ae46e8b87549cca38d81eaf533012",
    "mode": "0644",
    "owner": "hdfs",
    "secontext": "unconfined_u:object_r:lib_t:s0",
    "size": 5146,
    "src": "/root/.ansible/tmp/ansible-tmp-1699622348.6828227-1928944-207401160574111/source",
    "state": "file",
    "uid": 1001
}
2023-11-10 13:19:10,651 p=1917992 u=root n=ansible | TASK [update yarn-site.xml] ****************************************************************************************************
2023-11-10 13:19:12,565 p=1917992 u=root n=ansible | changed: [hdfsnn01] => {
    "backup_file": "/etc/hadoop/conf/yarn-site.xml.8636.2023-11-10@13:19:12~",
    "changed": true,
    "checksum": "345b62e5c74b3620022f59075613c68321f38f8a",
    "dest": "/etc/hadoop/conf/yarn-site.xml",
    "gid": 1000,
    "group": "hadoop",
    "md5sum": "1bdf87f300eb5a394d3e9584dbac597b",
    "mode": "0644",
    "owner": "yarn",
    "secontext": "unconfined_u:object_r:lib_t:s0",
    "size": 6374,
    "src": "/root/.ansible/tmp/ansible-tmp-1699622350.9719129-1928974-248755968974206/source",
    "state": "file",
    "uid": 1002
}
2023-11-10 13:19:12,968 p=1917992 u=root n=ansible | changed: [hdfsdn01] => {
    "backup_file": "/etc/hadoop/conf/yarn-site.xml.32600.2023-11-10@13:19:12~",
    "changed": true,
    "checksum": "345b62e5c74b3620022f59075613c68321f38f8a",
    "dest": "/etc/hadoop/conf/yarn-site.xml",
    "gid": 1000,
    "group": "hadoop",
    "md5sum": "1bdf87f300eb5a394d3e9584dbac597b",
    "mode": "0644",
    "owner": "yarn",
    "secontext": "unconfined_u:object_r:lib_t:s0",
    "size": 6374,
    "src": "/root/.ansible/tmp/ansible-tmp-1699622351.0958009-1928975-105801002329366/source",
    "state": "file",
    "uid": 1002
}
2023-11-10 13:19:13,090 p=1917992 u=root n=ansible | TASK [update mapred-site.xml] **************************************************************************************************
2023-11-10 13:19:15,086 p=1917992 u=root n=ansible | ok: [hdfsnn01] => {
    "changed": false,
    "checksum": "170b963d8b2fd2cdc7bf95c7dabc0abb14ce61de",
    "dest": "/etc/hadoop/conf/mapred-site.xml",
    "gid": 1000,
    "group": "hadoop",
    "mode": "0644",
    "owner": "mapred",
    "path": "/etc/hadoop/conf/mapred-site.xml",
    "secontext": "unconfined_u:object_r:lib_t:s0",
    "size": 3178,
    "state": "file",
    "uid": 1003
}
2023-11-10 13:19:15,251 p=1917992 u=root n=ansible | ok: [hdfsdn01] => {
    "changed": false,
    "checksum": "170b963d8b2fd2cdc7bf95c7dabc0abb14ce61de",
    "dest": "/etc/hadoop/conf/mapred-site.xml",
    "gid": 1000,
    "group": "hadoop",
    "mode": "0644",
    "owner": "mapred",
    "path": "/etc/hadoop/conf/mapred-site.xml",
    "secontext": "unconfined_u:object_r:lib_t:s0",
    "size": 3178,
    "state": "file",
    "uid": 1003
}
2023-11-10 13:19:15,387 p=1917992 u=root n=ansible | TASK [update krb5.conf] ********************************************************************************************************
2023-11-10 13:19:17,599 p=1917992 u=root n=ansible | changed: [hdfsnn01] => {
    "backup_file": "/etc/krb5.conf.8746.2023-11-10@13:19:17~",
    "changed": true,
    "checksum": "f6a0b2a856073d48d31497a596586bee95087bb7",
    "dest": "/etc/krb5.conf",
    "gid": 0,
    "group": "root",
    "md5sum": "23443f21de3bca231f13fa77346712c5",
    "mode": "0644",
    "owner": "root",
    "secontext": "system_u:object_r:krb5_conf_t:s0",
    "size": 1151,
    "src": "/root/.ansible/tmp/ansible-tmp-1699622355.7725644-1929036-12361688322735/source",
    "state": "file",
    "uid": 0
}
2023-11-10 13:19:17,843 p=1917992 u=root n=ansible | ok: [hdfsdn01] => {
    "changed": false,
    "checksum": "f6a0b2a856073d48d31497a596586bee95087bb7",
    "dest": "/etc/krb5.conf",
    "gid": 0,
    "group": "root",
    "mode": "0644",
    "owner": "root",
    "path": "/etc/krb5.conf",
    "secontext": "system_u:object_r:krb5_conf_t:s0",
    "size": 1151,
    "state": "file",
    "uid": 0
}
2023-11-10 13:19:17,931 p=1917992 u=root n=ansible | TASK [myid] ********************************************************************************************************************
2023-11-10 13:19:18,136 p=1917992 u=root n=ansible | ok: [hdfsnn01] => {
    "myid": "VARIABLE IS NOT DEFINED!: 'myid' is undefined. 'myid' is undefined"
}
2023-11-10 13:19:18,224 p=1917992 u=root n=ansible | ok: [hdfsdn01] => {
    "myid": "VARIABLE IS NOT DEFINED!: 'myid' is undefined. 'myid' is undefined"
}
2023-11-10 13:19:18,312 p=1917992 u=root n=ansible | TASK [set fact] ****************************************************************************************************************
2023-11-10 13:19:18,584 p=1917992 u=root n=ansible | ok: [hdfsnn01] => {
    "ansible_facts": {
        "myid": "1"
    },
    "changed": false
}
2023-11-10 13:19:18,663 p=1917992 u=root n=ansible | ok: [hdfsdn01] => {
    "ansible_facts": {
        "myid": "1"
    },
    "changed": false
}
2023-11-10 13:19:18,764 p=1917992 u=root n=ansible | TASK [myid] ********************************************************************************************************************
2023-11-10 13:19:18,960 p=1917992 u=root n=ansible | ok: [hdfsnn01] => {
    "myid": "1"
}
2023-11-10 13:19:19,056 p=1917992 u=root n=ansible | ok: [hdfsdn01] => {
    "myid": "1"
}
2023-11-10 13:19:19,128 p=1917992 u=root n=ansible | TASK [Create server myid files] ************************************************************************************************
2023-11-10 13:19:19,424 p=1917992 u=root n=ansible | skipping: [hdfsnn01] => {
    "changed": false,
    "skip_reason": "Conditional result was False"
}
2023-11-10 13:19:19,577 p=1917992 u=root n=ansible | skipping: [hdfsdn01] => {
    "changed": false,
    "skip_reason": "Conditional result was False"
}
2023-11-10 13:19:19,670 p=1917992 u=root n=ansible | TASK [shell id to myid] ********************************************************************************************************
2023-11-10 13:19:19,935 p=1917992 u=root n=ansible | skipping: [hdfsnn01] => {
    "changed": false,
    "skip_reason": "Conditional result was False"
}
2023-11-10 13:19:20,082 p=1917992 u=root n=ansible | skipping: [hdfsdn01] => {
    "changed": false,
    "skip_reason": "Conditional result was False"
}
2023-11-10 13:19:20,169 p=1917992 u=root n=ansible | TASK [check if zoo.cfg exists] *************************************************************************************************
2023-11-10 13:19:20,599 p=1917992 u=root n=ansible | skipping: [hdfsnn01] => {
    "changed": false,
    "skip_reason": "Conditional result was False"
}
2023-11-10 13:19:20,679 p=1917992 u=root n=ansible | skipping: [hdfsdn01] => {
    "changed": false,
    "skip_reason": "Conditional result was False"
}
2023-11-10 13:19:20,843 p=1917992 u=root n=ansible | TASK [create zoo.cfg] **********************************************************************************************************
2023-11-10 13:19:21,162 p=1917992 u=root n=ansible | skipping: [hdfsnn01] => {
    "changed": false,
    "skip_reason": "Conditional result was False"
}
2023-11-10 13:19:21,251 p=1917992 u=root n=ansible | skipping: [hdfsdn01] => {
    "changed": false,
    "skip_reason": "Conditional result was False"
}
2023-11-10 13:19:21,372 p=1917992 u=root n=ansible | TASK [populate zookeeper conf file with config] ********************************************************************************
2023-11-10 13:19:21,726 p=1917992 u=root n=ansible | skipping: [hdfsnn01] => {
    "changed": false,
    "skip_reason": "Conditional result was False"
}
2023-11-10 13:19:21,807 p=1917992 u=root n=ansible | skipping: [hdfsdn01] => {
    "changed": false,
    "skip_reason": "Conditional result was False"
}
2023-11-10 13:19:21,885 p=1917992 u=root n=ansible | TASK [zookeeper service file] **************************************************************************************************
2023-11-10 13:19:22,177 p=1917992 u=root n=ansible | skipping: [hdfsnn01] => {
    "changed": false,
    "skip_reason": "Conditional result was False"
}
2023-11-10 13:19:22,256 p=1917992 u=root n=ansible | skipping: [hdfsdn01] => {
    "changed": false,
    "skip_reason": "Conditional result was False"
}
2023-11-10 13:19:22,369 p=1917992 u=root n=ansible | TASK [create zookeeper enviroment file] ****************************************************************************************
2023-11-10 13:19:22,697 p=1917992 u=root n=ansible | skipping: [hdfsnn01] => {
    "changed": false,
    "skip_reason": "Conditional result was False"
}
2023-11-10 13:19:22,787 p=1917992 u=root n=ansible | skipping: [hdfsdn01] => {
    "changed": false,
    "skip_reason": "Conditional result was False"
}
2023-11-10 13:19:22,863 p=1917992 u=root n=ansible | TASK [zookeeper enviroment file] ***********************************************************************************************
2023-11-10 13:19:23,147 p=1917992 u=root n=ansible | skipping: [hdfsnn01] => {
    "changed": false,
    "skip_reason": "Conditional result was False"
}
2023-11-10 13:19:23,226 p=1917992 u=root n=ansible | skipping: [hdfsdn01] => {
    "changed": false,
    "skip_reason": "Conditional result was False"
}
2023-11-10 13:19:23,315 p=1917992 u=root n=ansible | TASK [Install logback file] ****************************************************************************************************
2023-11-10 13:19:23,629 p=1917992 u=root n=ansible | skipping: [hdfsnn01] => {
    "changed": false,
    "skip_reason": "Conditional result was False"
}
2023-11-10 13:19:23,712 p=1917992 u=root n=ansible | skipping: [hdfsdn01] => {
    "changed": false,
    "skip_reason": "Conditional result was False"
}
2023-11-10 13:19:23,795 p=1917992 u=root n=ansible | TASK [Install logback-test file] ***********************************************************************************************
2023-11-10 13:19:24,050 p=1917992 u=root n=ansible | skipping: [hdfsnn01] => {
    "changed": false,
    "skip_reason": "Conditional result was False"
}
2023-11-10 13:19:24,194 p=1917992 u=root n=ansible | skipping: [hdfsdn01] => {
    "changed": false,
    "skip_reason": "Conditional result was False"
}
2023-11-10 13:19:24,272 p=1917992 u=root n=ansible | TASK [Copy rack configuration file] ********************************************************************************************
2023-11-10 13:19:24,588 p=1917992 u=root n=ansible | skipping: [hdfsnn01] => {
    "changed": false,
    "skip_reason": "Conditional result was False"
}
2023-11-10 13:19:24,681 p=1917992 u=root n=ansible | skipping: [hdfsdn01] => {
    "changed": false,
    "skip_reason": "Conditional result was False"
}
2023-11-10 13:19:24,762 p=1917992 u=root n=ansible | TASK [reload systemd deamon] ***************************************************************************************************
2023-11-10 13:19:30,094 p=1917992 u=root n=ansible | ok: [hdfsnn01] => {
    "changed": false,
    "name": null,
    "status": {}
}
2023-11-10 13:19:30,366 p=1917992 u=root n=ansible | ok: [hdfsdn01] => {
    "changed": false,
    "name": null,
    "status": {}
}
2023-11-10 13:19:30,536 p=1917992 u=root n=ansible | TASK [enable zookeeper service] ************************************************************************************************
2023-11-10 13:19:30,796 p=1917992 u=root n=ansible | skipping: [hdfsnn01] => {
    "changed": false,
    "skip_reason": "Conditional result was False"
}
2023-11-10 13:19:30,875 p=1917992 u=root n=ansible | skipping: [hdfsdn01] => {
    "changed": false,
    "skip_reason": "Conditional result was False"
}
2023-11-10 13:19:30,953 p=1917992 u=root n=ansible | TASK [set enviroment variables] ************************************************************************************************
2023-11-10 13:19:31,402 p=1917992 u=root n=ansible | included: /home/ansadmin/playbooks/hdfs/tasks/env.yml for hdfsnn01, hdfsdn01
2023-11-10 13:19:31,541 p=1917992 u=root n=ansible | TASK [update hadoop home] ******************************************************************************************************
2023-11-10 13:19:32,713 p=1917992 u=root n=ansible | changed: [hdfsnn01] => (item={'regexp': '^export HADOOP_HOME', 'line': 'export HADOOP_HOME=/usr/lib/hadoop/hadoop-3.3.6//'}) => {
    "ansible_loop_var": "item",
    "backup": "/etc/profile.d/hadoop.sh.8797.2023-11-10@13:19:32~",
    "changed": true,
    "item": {
        "line": "export HADOOP_HOME=/usr/lib/hadoop/hadoop-3.3.6//",
        "regexp": "^export HADOOP_HOME"
    }
}

MSG:

line replaced

2023-11-10 13:19:32,806 p=1917992 u=root n=ansible | changed: [hdfsdn01] => (item={'regexp': '^export HADOOP_HOME', 'line': 'export HADOOP_HOME=/usr/lib/hadoop/hadoop-3.3.6//'}) => {
    "ansible_loop_var": "item",
    "backup": "/etc/profile.d/hadoop.sh.32743.2023-11-10@13:19:32~",
    "changed": true,
    "item": {
        "line": "export HADOOP_HOME=/usr/lib/hadoop/hadoop-3.3.6//",
        "regexp": "^export HADOOP_HOME"
    }
}

MSG:

line replaced

2023-11-10 13:19:32,892 p=1917992 u=root n=ansible | TASK [update hadoop common home] ***********************************************************************************************
2023-11-10 13:19:33,936 p=1917992 u=root n=ansible | changed: [hdfsnn01] => (item={'regexp': '^export HADOOP_COMMON_HOME', 'line': 'export HADOOP_COMMON_HOME=/usr/lib/hadoop/hadoop-3.3.6//'}) => {
    "ansible_loop_var": "item",
    "backup": "/etc/profile.d/hadoop.sh.8809.2023-11-10@13:19:33~",
    "changed": true,
    "item": {
        "line": "export HADOOP_COMMON_HOME=/usr/lib/hadoop/hadoop-3.3.6//",
        "regexp": "^export HADOOP_COMMON_HOME"
    }
}

MSG:

line replaced

2023-11-10 13:19:34,066 p=1917992 u=root n=ansible | changed: [hdfsdn01] => (item={'regexp': '^export HADOOP_COMMON_HOME', 'line': 'export HADOOP_COMMON_HOME=/usr/lib/hadoop/hadoop-3.3.6//'}) => {
    "ansible_loop_var": "item",
    "backup": "/etc/profile.d/hadoop.sh.32755.2023-11-10@13:19:33~",
    "changed": true,
    "item": {
        "line": "export HADOOP_COMMON_HOME=/usr/lib/hadoop/hadoop-3.3.6//",
        "regexp": "^export HADOOP_COMMON_HOME"
    }
}

MSG:

line replaced

2023-11-10 13:19:34,152 p=1917992 u=root n=ansible | TASK [update hadoop hdfs home] *************************************************************************************************
2023-11-10 13:19:35,191 p=1917992 u=root n=ansible | changed: [hdfsnn01] => (item={'regexp': '^export HADOOP_HDFS_HOME', 'line': 'export HADOOP_HDFS_HOME=/usr/lib/hadoop/hadoop-3.3.6//'}) => {
    "ansible_loop_var": "item",
    "backup": "/etc/profile.d/hadoop.sh.8821.2023-11-10@13:19:35~",
    "changed": true,
    "item": {
        "line": "export HADOOP_HDFS_HOME=/usr/lib/hadoop/hadoop-3.3.6//",
        "regexp": "^export HADOOP_HDFS_HOME"
    }
}

MSG:

line replaced

2023-11-10 13:19:35,298 p=1917992 u=root n=ansible | changed: [hdfsdn01] => (item={'regexp': '^export HADOOP_HDFS_HOME', 'line': 'export HADOOP_HDFS_HOME=/usr/lib/hadoop/hadoop-3.3.6//'}) => {
    "ansible_loop_var": "item",
    "backup": "/etc/profile.d/hadoop.sh.32767.2023-11-10@13:19:35~",
    "changed": true,
    "item": {
        "line": "export HADOOP_HDFS_HOME=/usr/lib/hadoop/hadoop-3.3.6//",
        "regexp": "^export HADOOP_HDFS_HOME"
    }
}

MSG:

line replaced

2023-11-10 13:19:35,419 p=1917992 u=root n=ansible | TASK [update hadoop yarn home] *************************************************************************************************
2023-11-10 13:19:36,516 p=1917992 u=root n=ansible | changed: [hdfsnn01] => (item={'regexp': '^export HADOOP_YARN_HOME', 'line': 'export HADOOP_YARN_HOME=/usr/lib/hadoop/hadoop-3.3.6//'}) => {
    "ansible_loop_var": "item",
    "backup": "/etc/profile.d/hadoop.sh.8833.2023-11-10@13:19:36~",
    "changed": true,
    "item": {
        "line": "export HADOOP_YARN_HOME=/usr/lib/hadoop/hadoop-3.3.6//",
        "regexp": "^export HADOOP_YARN_HOME"
    }
}

MSG:

line replaced

2023-11-10 13:19:36,668 p=1917992 u=root n=ansible | changed: [hdfsdn01] => (item={'regexp': '^export HADOOP_YARN_HOME', 'line': 'export HADOOP_YARN_HOME=/usr/lib/hadoop/hadoop-3.3.6//'}) => {
    "ansible_loop_var": "item",
    "backup": "/etc/profile.d/hadoop.sh.311.2023-11-10@13:19:36~",
    "changed": true,
    "item": {
        "line": "export HADOOP_YARN_HOME=/usr/lib/hadoop/hadoop-3.3.6//",
        "regexp": "^export HADOOP_YARN_HOME"
    }
}

MSG:

line replaced

2023-11-10 13:19:36,764 p=1917992 u=root n=ansible | TASK [update hadoop mapred home] ***********************************************************************************************
2023-11-10 13:19:37,942 p=1917992 u=root n=ansible | changed: [hdfsnn01] => (item={'regexp': '^export HADOOP_MAPRED_HOME', 'line': 'export HADOOP_MAPRED_HOME=/usr/lib/hadoop/hadoop-3.3.6//'}) => {
    "ansible_loop_var": "item",
    "backup": "/etc/profile.d/hadoop.sh.8845.2023-11-10@13:19:37~",
    "changed": true,
    "item": {
        "line": "export HADOOP_MAPRED_HOME=/usr/lib/hadoop/hadoop-3.3.6//",
        "regexp": "^export HADOOP_MAPRED_HOME"
    }
}

MSG:

line replaced

2023-11-10 13:19:38,053 p=1917992 u=root n=ansible | changed: [hdfsdn01] => (item={'regexp': '^export HADOOP_MAPRED_HOME', 'line': 'export HADOOP_MAPRED_HOME=/usr/lib/hadoop/hadoop-3.3.6//'}) => {
    "ansible_loop_var": "item",
    "backup": "/etc/profile.d/hadoop.sh.323.2023-11-10@13:19:37~",
    "changed": true,
    "item": {
        "line": "export HADOOP_MAPRED_HOME=/usr/lib/hadoop/hadoop-3.3.6//",
        "regexp": "^export HADOOP_MAPRED_HOME"
    }
}

MSG:

line replaced

2023-11-10 13:19:38,142 p=1917992 u=root n=ansible | TASK [source the hadoop.sh file] ***********************************************************************************************
2023-11-10 13:19:39,087 p=1917992 u=root n=ansible | changed: [hdfsdn01] => {
    "changed": true,
    "cmd": "source /etc/profile.d/hadoop.sh",
    "delta": "0:00:00.007543",
    "end": "2023-11-10 13:19:38.994205",
    "rc": 0,
    "start": "2023-11-10 13:19:38.986662"
}
2023-11-10 13:19:39,189 p=1917992 u=root n=ansible | changed: [hdfsnn01] => {
    "changed": true,
    "cmd": "source /etc/profile.d/hadoop.sh",
    "delta": "0:00:00.012690",
    "end": "2023-11-10 13:19:39.095911",
    "rc": 0,
    "start": "2023-11-10 13:19:39.083221"
}
2023-11-10 13:19:39,293 p=1917992 u=root n=ansible | TASK [update zookeeper home] ***************************************************************************************************
2023-11-10 13:19:39,667 p=1917992 u=root n=ansible | skipping: [hdfsnn01] => (item={'regexp': '^export ZOOKEEPER_HOME', 'line': 'export ZOOKEEPER_HOME=/usr/lib/zookeeper/apache-zookeeper-3.8.3-bin/'})  => {
    "ansible_loop_var": "item",
    "changed": false,
    "item": {
        "line": "export ZOOKEEPER_HOME=/usr/lib/zookeeper/apache-zookeeper-3.8.3-bin/",
        "regexp": "^export ZOOKEEPER_HOME"
    },
    "skip_reason": "Conditional result was False"
}
2023-11-10 13:19:39,679 p=1917992 u=root n=ansible | skipping: [hdfsnn01] => {
    "changed": false
}

MSG:

All items skipped

2023-11-10 13:19:39,750 p=1917992 u=root n=ansible | skipping: [hdfsdn01] => (item={'regexp': '^export ZOOKEEPER_HOME', 'line': 'export ZOOKEEPER_HOME=/usr/lib/zookeeper/apache-zookeeper-3.8.3-bin/'})  => {
    "ansible_loop_var": "item",
    "changed": false,
    "item": {
        "line": "export ZOOKEEPER_HOME=/usr/lib/zookeeper/apache-zookeeper-3.8.3-bin/",
        "regexp": "^export ZOOKEEPER_HOME"
    },
    "skip_reason": "Conditional result was False"
}
2023-11-10 13:19:39,755 p=1917992 u=root n=ansible | skipping: [hdfsdn01] => {
    "changed": false
}

MSG:

All items skipped

2023-11-10 13:19:39,840 p=1917992 u=root n=ansible | TASK [source the zookeeper.sh file] ********************************************************************************************
2023-11-10 13:19:40,164 p=1917992 u=root n=ansible | skipping: [hdfsnn01] => {
    "changed": false,
    "skip_reason": "Conditional result was False"
}
2023-11-10 13:19:40,245 p=1917992 u=root n=ansible | skipping: [hdfsdn01] => {
    "changed": false,
    "skip_reason": "Conditional result was False"
}
2023-11-10 13:19:40,390 p=1917992 u=root n=ansible | TASK [setup symbolic links] ****************************************************************************************************
2023-11-10 13:19:40,822 p=1917992 u=root n=ansible | included: /home/ansadmin/playbooks/hdfs/tasks/link.yml for hdfsnn01, hdfsdn01
2023-11-10 13:19:40,929 p=1917992 u=root n=ansible | TASK [Create Links for container-executor] *************************************************************************************
2023-11-10 13:19:41,970 p=1917992 u=root n=ansible | ok: [hdfsnn01] => {
    "changed": false,
    "dest": "/usr/bin/container-executor",
    "gid": 0,
    "group": "root",
    "mode": "0777",
    "owner": "root",
    "secontext": "unconfined_u:object_r:bin_t:s0",
    "size": 51,
    "src": "/usr/lib/hadoop/hadoop-3.3.6/bin/container-executor",
    "state": "link",
    "uid": 0
}
2023-11-10 13:19:42,077 p=1917992 u=root n=ansible | ok: [hdfsdn01] => {
    "changed": false,
    "dest": "/usr/bin/container-executor",
    "gid": 0,
    "group": "root",
    "mode": "0777",
    "owner": "root",
    "secontext": "unconfined_u:object_r:bin_t:s0",
    "size": 51,
    "src": "/usr/lib/hadoop/hadoop-3.3.6/bin/container-executor",
    "state": "link",
    "uid": 0
}
2023-11-10 13:19:42,159 p=1917992 u=root n=ansible | TASK [Create Links for hadoop] *************************************************************************************************
2023-11-10 13:19:43,191 p=1917992 u=root n=ansible | ok: [hdfsdn01] => {
    "changed": false,
    "dest": "/usr/bin/hadoop",
    "gid": 0,
    "group": "root",
    "mode": "0777",
    "owner": "root",
    "secontext": "unconfined_u:object_r:bin_t:s0",
    "size": 39,
    "src": "/usr/lib/hadoop/hadoop-3.3.6/bin/hadoop",
    "state": "link",
    "uid": 0
}
2023-11-10 13:19:43,445 p=1917992 u=root n=ansible | ok: [hdfsnn01] => {
    "changed": false,
    "dest": "/usr/bin/hadoop",
    "gid": 0,
    "group": "root",
    "mode": "0777",
    "owner": "root",
    "secontext": "unconfined_u:object_r:bin_t:s0",
    "size": 39,
    "src": "/usr/lib/hadoop/hadoop-3.3.6/bin/hadoop",
    "state": "link",
    "uid": 0
}
2023-11-10 13:19:43,608 p=1917992 u=root n=ansible | TASK [Create Links for hdfs] ***************************************************************************************************
2023-11-10 13:19:44,624 p=1917992 u=root n=ansible | ok: [hdfsnn01] => {
    "changed": false,
    "dest": "/usr/bin/hdfs",
    "gid": 0,
    "group": "root",
    "mode": "0777",
    "owner": "root",
    "secontext": "unconfined_u:object_r:bin_t:s0",
    "size": 37,
    "src": "/usr/lib/hadoop/hadoop-3.3.6/bin/hdfs",
    "state": "link",
    "uid": 0
}
2023-11-10 13:19:44,734 p=1917992 u=root n=ansible | ok: [hdfsdn01] => {
    "changed": false,
    "dest": "/usr/bin/hdfs",
    "gid": 0,
    "group": "root",
    "mode": "0777",
    "owner": "root",
    "secontext": "unconfined_u:object_r:bin_t:s0",
    "size": 37,
    "src": "/usr/lib/hadoop/hadoop-3.3.6/bin/hdfs",
    "state": "link",
    "uid": 0
}
2023-11-10 13:19:44,826 p=1917992 u=root n=ansible | TASK [Create Links for mapred] *************************************************************************************************
2023-11-10 13:19:45,896 p=1917992 u=root n=ansible | ok: [hdfsnn01] => {
    "changed": false,
    "dest": "/usr/bin/mapred",
    "gid": 0,
    "group": "root",
    "mode": "0777",
    "owner": "root",
    "secontext": "unconfined_u:object_r:bin_t:s0",
    "size": 39,
    "src": "/usr/lib/hadoop/hadoop-3.3.6/bin/mapred",
    "state": "link",
    "uid": 0
}
2023-11-10 13:19:45,970 p=1917992 u=root n=ansible | ok: [hdfsdn01] => {
    "changed": false,
    "dest": "/usr/bin/mapred",
    "gid": 0,
    "group": "root",
    "mode": "0777",
    "owner": "root",
    "secontext": "unconfined_u:object_r:bin_t:s0",
    "size": 39,
    "src": "/usr/lib/hadoop/hadoop-3.3.6/bin/mapred",
    "state": "link",
    "uid": 0
}
2023-11-10 13:19:46,075 p=1917992 u=root n=ansible | TASK [Create Links for oom-listener] *******************************************************************************************
2023-11-10 13:19:47,091 p=1917992 u=root n=ansible | ok: [hdfsdn01] => {
    "changed": false,
    "dest": "/usr/bin/oom-listener",
    "gid": 0,
    "group": "root",
    "mode": "0777",
    "owner": "root",
    "secontext": "unconfined_u:object_r:bin_t:s0",
    "size": 45,
    "src": "/usr/lib/hadoop/hadoop-3.3.6/bin/oom-listener",
    "state": "link",
    "uid": 0
}
2023-11-10 13:19:47,184 p=1917992 u=root n=ansible | ok: [hdfsnn01] => {
    "changed": false,
    "dest": "/usr/bin/oom-listener",
    "gid": 0,
    "group": "root",
    "mode": "0777",
    "owner": "root",
    "secontext": "unconfined_u:object_r:bin_t:s0",
    "size": 45,
    "src": "/usr/lib/hadoop/hadoop-3.3.6/bin/oom-listener",
    "state": "link",
    "uid": 0
}
2023-11-10 13:19:47,272 p=1917992 u=root n=ansible | TASK [Create Links for test-container-executor] ********************************************************************************
2023-11-10 13:19:48,244 p=1917992 u=root n=ansible | ok: [hdfsnn01] => {
    "changed": false,
    "dest": "/usr/bin/test-container-executor",
    "gid": 0,
    "group": "root",
    "mode": "0777",
    "owner": "root",
    "secontext": "unconfined_u:object_r:bin_t:s0",
    "size": 56,
    "src": "/usr/lib/hadoop/hadoop-3.3.6/bin/test-container-executor",
    "state": "link",
    "uid": 0
}
2023-11-10 13:19:48,353 p=1917992 u=root n=ansible | ok: [hdfsdn01] => {
    "changed": false,
    "dest": "/usr/bin/test-container-executor",
    "gid": 0,
    "group": "root",
    "mode": "0777",
    "owner": "root",
    "secontext": "unconfined_u:object_r:bin_t:s0",
    "size": 56,
    "src": "/usr/lib/hadoop/hadoop-3.3.6/bin/test-container-executor",
    "state": "link",
    "uid": 0
}
2023-11-10 13:19:48,543 p=1917992 u=root n=ansible | TASK [Create Links for yarn] ***************************************************************************************************
2023-11-10 13:19:49,489 p=1917992 u=root n=ansible | ok: [hdfsdn01] => {
    "changed": false,
    "dest": "/usr/bin/yarn",
    "gid": 0,
    "group": "root",
    "mode": "0777",
    "owner": "root",
    "secontext": "unconfined_u:object_r:bin_t:s0",
    "size": 37,
    "src": "/usr/lib/hadoop/hadoop-3.3.6/bin/yarn",
    "state": "link",
    "uid": 0
}
2023-11-10 13:19:49,652 p=1917992 u=root n=ansible | ok: [hdfsnn01] => {
    "changed": false,
    "dest": "/usr/bin/yarn",
    "gid": 0,
    "group": "root",
    "mode": "0777",
    "owner": "root",
    "secontext": "unconfined_u:object_r:bin_t:s0",
    "size": 37,
    "src": "/usr/lib/hadoop/hadoop-3.3.6/bin/yarn",
    "state": "link",
    "uid": 0
}
2023-11-10 13:19:49,745 p=1917992 u=root n=ansible | TASK [setup kerberos] **********************************************************************************************************
2023-11-10 13:19:50,163 p=1917992 u=root n=ansible | included: /home/ansadmin/playbooks/hdfs/tasks/kerberos.yml for hdfsnn01, hdfsdn01
2023-11-10 13:19:50,398 p=1917992 u=root n=ansible | TASK [append kerberos info to core-site.xml] ***********************************************************************************
2023-11-10 13:19:51,332 p=1917992 u=root n=ansible | changed: [hdfsnn01] => {
    "backup_file": "/etc/hadoop/conf/core-site.xml.8940.2023-11-10@13:19:51~",
    "changed": true
}

MSG:

Block inserted

2023-11-10 13:19:51,530 p=1917992 u=root n=ansible | changed: [hdfsdn01] => {
    "backup_file": "/etc/hadoop/conf/core-site.xml.427.2023-11-10@13:19:51~",
    "changed": true
}

MSG:

Block inserted

2023-11-10 13:19:51,630 p=1917992 u=root n=ansible | TASK [Replace realm tag with realm name] ***************************************************************************************
2023-11-10 13:19:52,806 p=1917992 u=root n=ansible | changed: [hdfsdn01] => {
    "backup_file": "/etc/hadoop/conf/core-site.xml.439.2023-11-10@13:19:52~",
    "changed": true,
    "rc": 0
}

MSG:

3 replacements made

2023-11-10 13:19:52,918 p=1917992 u=root n=ansible | changed: [hdfsnn01] => {
    "backup_file": "/etc/hadoop/conf/core-site.xml.8952.2023-11-10@13:19:52~",
    "changed": true,
    "rc": 0
}

MSG:

3 replacements made

2023-11-10 13:19:52,995 p=1917992 u=root n=ansible | TASK [append kerberos info to hdfs-site.xml] ***********************************************************************************
2023-11-10 13:19:53,905 p=1917992 u=root n=ansible | changed: [hdfsnn01] => {
    "backup_file": "/etc/hadoop/conf/hdfs-site.xml.8964.2023-11-10@13:19:53~",
    "changed": true
}

MSG:

Block inserted

2023-11-10 13:19:53,995 p=1917992 u=root n=ansible | changed: [hdfsdn01] => {
    "backup_file": "/etc/hadoop/conf/hdfs-site.xml.451.2023-11-10@13:19:53~",
    "changed": true
}

MSG:

Block inserted

2023-11-10 13:19:54,139 p=1917992 u=root n=ansible | TASK [Replace realm tag with realm name] ***************************************************************************************
2023-11-10 13:19:54,907 p=1917992 u=root n=ansible | changed: [hdfsnn01] => {
    "backup_file": "/etc/hadoop/conf/hdfs-site.xml.8976.2023-11-10@13:19:54~",
    "changed": true,
    "rc": 0
}

MSG:

6 replacements made

2023-11-10 13:19:55,144 p=1917992 u=root n=ansible | changed: [hdfsdn01] => {
    "backup_file": "/etc/hadoop/conf/hdfs-site.xml.463.2023-11-10@13:19:55~",
    "changed": true,
    "rc": 0
}

MSG:

6 replacements made

2023-11-10 13:19:55,223 p=1917992 u=root n=ansible | TASK [append kerberos info to yarn-site.xml] ***********************************************************************************
2023-11-10 13:19:55,989 p=1917992 u=root n=ansible | changed: [hdfsnn01] => {
    "backup_file": "/etc/hadoop/conf/yarn-site.xml.8988.2023-11-10@13:19:55~",
    "changed": true
}

MSG:

Block inserted

2023-11-10 13:19:56,194 p=1917992 u=root n=ansible | changed: [hdfsdn01] => {
    "backup_file": "/etc/hadoop/conf/yarn-site.xml.475.2023-11-10@13:19:56~",
    "changed": true
}

MSG:

Block inserted

2023-11-10 13:19:56,293 p=1917992 u=root n=ansible | TASK [Replace realm tag with realm name] ***************************************************************************************
2023-11-10 13:19:57,124 p=1917992 u=root n=ansible | changed: [hdfsnn01] => {
    "backup_file": "/etc/hadoop/conf/yarn-site.xml.9000.2023-11-10@13:19:57~",
    "changed": true,
    "rc": 0
}

MSG:

2 replacements made

2023-11-10 13:19:57,299 p=1917992 u=root n=ansible | changed: [hdfsdn01] => {
    "backup_file": "/etc/hadoop/conf/yarn-site.xml.489.2023-11-10@13:19:57~",
    "changed": true,
    "rc": 0
}

MSG:

2 replacements made

2023-11-10 13:19:57,568 p=1917992 u=root n=ansible | PLAY RECAP *********************************************************************************************************************
2023-11-10 13:19:57,569 p=1917992 u=root n=ansible | hdfsdn01                   : ok=74   changed=31   unreachable=0    failed=0    skipped=28   rescued=0    ignored=0   
2023-11-10 13:19:57,570 p=1917992 u=root n=ansible | hdfsnn01                   : ok=74   changed=29   unreachable=0    failed=0    skipped=28   rescued=0    ignored=0   
2023-11-10 15:45:05,647 p=1981943 u=root n=ansible | Using /home/ansadmin/playbooks/hdfs/ansible.cfg as config file
2023-11-10 15:45:10,798 p=1981943 u=root n=ansible | PLAY [Hadoop] ******************************************************************************************************************
2023-11-10 15:45:11,273 p=1981943 u=root n=ansible | TASK [Gathering Facts] *********************************************************************************************************
2023-11-10 15:45:17,688 p=1981943 u=root n=ansible | ok: [hdfsnn01]
2023-11-10 15:45:24,254 p=1981943 u=root n=ansible | ok: [hdfsdn01]
2023-11-10 15:45:24,649 p=1981943 u=root n=ansible | TASK [update all packages] *****************************************************************************************************
2023-11-10 15:45:53,083 p=1981943 u=root n=ansible | ok: [hdfsnn01] => {
    "changed": false,
    "rc": 0,
    "results": [
        "Nothing to do here, all packages are up to date"
    ]
}
2023-11-10 15:56:22,849 p=1981943 u=root n=ansible | ok: [hdfsdn01] => {
    "changed": false,
    "rc": 0,
    "results": [
        "Nothing to do here, all packages are up to date"
    ]
}
2023-11-10 15:56:23,101 p=1981943 u=root n=ansible | TASK [Runing Play] *************************************************************************************************************
2023-11-10 15:56:23,435 p=1981943 u=root n=ansible | ok: [hdfsnn01] => {}

MSG:

Running Hadoop on hdfsnn01

2023-11-10 15:56:23,614 p=1981943 u=root n=ansible | ok: [hdfsdn01] => {}

MSG:

Running Hadoop on hdfsdn01

2023-11-10 15:56:23,699 p=1981943 u=root n=ansible | TASK [Os level] ****************************************************************************************************************
2023-11-10 15:56:23,922 p=1981943 u=root n=ansible | ok: [hdfsnn01] => {}

MSG:

Running on OracleLinux version 7

2023-11-10 15:56:24,004 p=1981943 u=root n=ansible | ok: [hdfsdn01] => {}

MSG:

Running on OracleLinux version 7

2023-11-10 15:56:24,132 p=1981943 u=root n=ansible | TASK [check variables] *********************************************************************************************************
2023-11-10 15:56:24,556 p=1981943 u=root n=ansible | included: /home/ansadmin/playbooks/hdfs/tasks/check_vars.yml for hdfsnn01, hdfsdn01
2023-11-10 15:56:24,584 p=1981943 u=root n=ansible | TASK [check for ansible 1.x] ***************************************************************************************************
2023-11-10 15:56:24,956 p=1981943 u=root n=ansible | skipping: [hdfsnn01] => {
    "changed": false,
    "skip_reason": "Conditional result was False"
}
2023-11-10 15:56:25,064 p=1981943 u=root n=ansible | skipping: [hdfsdn01] => {
    "changed": false,
    "skip_reason": "Conditional result was False"
}
2023-11-10 15:56:25,146 p=1981943 u=root n=ansible | TASK [install dependencies] ****************************************************************************************************
2023-11-10 15:56:25,588 p=1981943 u=root n=ansible | included: /home/ansadmin/playbooks/hdfs/tasks/dependencies.yml for hdfsnn01, hdfsdn01
2023-11-10 15:56:25,615 p=1981943 u=root n=ansible | TASK [install default dependencies] ********************************************************************************************
2023-11-10 15:56:27,501 p=1981943 u=root n=ansible | ok: [hdfsnn01] => {
    "changed": false,
    "rc": 0,
    "results": [
        "unzip-6.0-24.0.1.el7_9.x86_64 providing unzip is already installed",
        "2:tar-1.26-35.el7.x86_64 providing tar is already installed",
        "dos2unix-6.0.3-7.el7.x86_64 providing dos2unix is already installed",
        "1:java-11-openjdk-11.0.21.0.9-1.0.1.el7_9.x86_64 providing java-11-openjdk is already installed",
        "1:java-11-openjdk-devel-11.0.21.0.9-1.0.1.el7_9.x86_64 providing java-11-openjdk-devel is already installed",
        "python3-3.6.8-21.0.1.el7_9.x86_64 providing python3 is already installed",
        "htop-2.2.0-3.el7.x86_64 providing htop is already installed",
        "atop-2.7.1-1.el7.x86_64 providing atop is already installed",
        "tree-1.6.0-10.el7.x86_64 providing tree is already installed",
        "bcc-0.10.0-1.0.1.el7.x86_64 providing bcc is already installed",
        "bpfmon-2.51-4.el7.x86_64 providing bpfmon is already installed",
        "bpftool-3.10.0-1160.102.1.0.1.el7.x86_64 providing bpftool is already installed",
        "bcc-tools-0.10.0-1.0.1.el7.x86_64 providing bcc-tools is already installed",
        "python-bcc-0.10.0-1.0.1.el7.x86_64 providing python-bcc is already installed",
        "1:openssl-devel-1.0.2k-26.el7_9.x86_64 providing openssl-devel is already installed",
        "redhat-lsb-core-4.1-27.0.1.el7.x86_64 providing redhat-lsb-core is already installed",
        "fuse-2.9.4-1.0.9.el7.x86_64 providing fuse is already installed",
        "elinks-0.12-0.37.pre6.el7.x86_64 providing elinks is already installed",
        "autoconf-2.69-11.el7.noarch providing autoconf is already installed",
        "krb5-workstation-1.15.1-55.0.1.el7_9.x86_64 providing krb5-workstation is already installed",
        "krb5-libs-1.15.1-55.0.1.el7_9.x86_64 providing krb5-libs is already installed",
        "rpcbind-0.2.0-49.el7.x86_64 providing rpcbind is already installed",
        "1:nfs-utils-1.3.0-0.68.0.1.el7.2.x86_64 providing nfs-utils is already installed",
        "samba-4.10.16-25.0.1.el7_9.x86_64 providing samba is already installed",
        "tzdata-java-2023c-1.el7.noarch providing tzdata-java is already installed",
        "checkpolicy-2.5-8.el7.x86_64 providing checkpolicy is already installed",
        "secilc-2.5-1.el7.x86_64 providing secilc is already installed",
        "secilc-doc-2.5-1.el7.noarch providing secilc-doc is already installed",
        "setroubleshoot-server-3.2.30-8.0.3.el7.x86_64 providing setroubleshoot-server is already installed",
        "setroubleshoot-3.2.30-8.0.3.el7.x86_64 providing setroubleshoot is already installed",
        "selinux-policy-3.13.1-268.0.17.el7_9.2.noarch providing selinux-policy is already installed",
        "selinux-policy-devel-3.13.1-268.0.17.el7_9.2.noarch providing selinux-policy-devel is already installed",
        "selinux-policy-minimum-3.13.1-268.0.17.el7_9.2.noarch providing selinux-policy-minimum is already installed",
        "selinux-policy-mls-3.13.1-268.0.17.el7_9.2.noarch providing selinux-policy-mls is already installed",
        "selinux-policy-targeted-3.13.1-268.0.17.el7_9.2.noarch providing selinux-policy-targeted is already installed"
    ]
}
2023-11-10 15:57:08,473 p=1981943 u=root n=ansible | ok: [hdfsdn01] => {
    "changed": false,
    "rc": 0,
    "results": [
        "unzip-6.0-24.0.1.el7_9.x86_64 providing unzip is already installed",
        "2:tar-1.26-35.el7.x86_64 providing tar is already installed",
        "dos2unix-6.0.3-7.el7.x86_64 providing dos2unix is already installed",
        "1:java-11-openjdk-11.0.21.0.9-1.0.1.el7_9.x86_64 providing java-11-openjdk is already installed",
        "1:java-11-openjdk-devel-11.0.21.0.9-1.0.1.el7_9.x86_64 providing java-11-openjdk-devel is already installed",
        "python3-3.6.8-21.0.1.el7_9.x86_64 providing python3 is already installed",
        "htop-2.2.0-3.el7.x86_64 providing htop is already installed",
        "atop-2.7.1-1.el7.x86_64 providing atop is already installed",
        "tree-1.6.0-10.el7.x86_64 providing tree is already installed",
        "bcc-0.10.0-1.0.1.el7.x86_64 providing bcc is already installed",
        "bpfmon-2.51-4.el7.x86_64 providing bpfmon is already installed",
        "bpftool-3.10.0-1160.102.1.0.1.el7.x86_64 providing bpftool is already installed",
        "bcc-tools-0.10.0-1.0.1.el7.x86_64 providing bcc-tools is already installed",
        "python-bcc-0.10.0-1.0.1.el7.x86_64 providing python-bcc is already installed",
        "1:openssl-devel-1.0.2k-26.el7_9.x86_64 providing openssl-devel is already installed",
        "redhat-lsb-core-4.1-27.0.1.el7.x86_64 providing redhat-lsb-core is already installed",
        "fuse-2.9.4-1.0.9.el7.x86_64 providing fuse is already installed",
        "elinks-0.12-0.37.pre6.el7.x86_64 providing elinks is already installed",
        "autoconf-2.69-11.el7.noarch providing autoconf is already installed",
        "krb5-workstation-1.15.1-55.0.1.el7_9.x86_64 providing krb5-workstation is already installed",
        "krb5-libs-1.15.1-55.0.1.el7_9.x86_64 providing krb5-libs is already installed",
        "rpcbind-0.2.0-49.el7.x86_64 providing rpcbind is already installed",
        "1:nfs-utils-1.3.0-0.68.0.1.el7.2.x86_64 providing nfs-utils is already installed",
        "samba-4.10.16-25.0.1.el7_9.x86_64 providing samba is already installed",
        "tzdata-java-2023c-1.el7.noarch providing tzdata-java is already installed",
        "checkpolicy-2.5-8.el7.x86_64 providing checkpolicy is already installed",
        "secilc-2.5-1.el7.x86_64 providing secilc is already installed",
        "secilc-doc-2.5-1.el7.noarch providing secilc-doc is already installed",
        "setroubleshoot-server-3.2.30-8.0.3.el7.x86_64 providing setroubleshoot-server is already installed",
        "setroubleshoot-3.2.30-8.0.3.el7.x86_64 providing setroubleshoot is already installed",
        "selinux-policy-3.13.1-268.0.17.el7_9.2.noarch providing selinux-policy is already installed",
        "selinux-policy-devel-3.13.1-268.0.17.el7_9.2.noarch providing selinux-policy-devel is already installed",
        "selinux-policy-minimum-3.13.1-268.0.17.el7_9.2.noarch providing selinux-policy-minimum is already installed",
        "selinux-policy-mls-3.13.1-268.0.17.el7_9.2.noarch providing selinux-policy-mls is already installed",
        "selinux-policy-targeted-3.13.1-268.0.17.el7_9.2.noarch providing selinux-policy-targeted is already installed"
    ]
}
2023-11-10 15:57:08,602 p=1981943 u=root n=ansible | TASK [install oracle8 dependencies] ********************************************************************************************
2023-11-10 15:57:08,810 p=1981943 u=root n=ansible | skipping: [hdfsnn01] => {
    "changed": false,
    "skip_reason": "Conditional result was False"
}
2023-11-10 15:57:08,887 p=1981943 u=root n=ansible | skipping: [hdfsdn01] => {
    "changed": false,
    "skip_reason": "Conditional result was False"
}
2023-11-10 15:57:08,972 p=1981943 u=root n=ansible | TASK [create users] ************************************************************************************************************
2023-11-10 15:57:09,429 p=1981943 u=root n=ansible | included: /home/ansadmin/playbooks/hdfs/tasks/users.yml for hdfsnn01, hdfsdn01
2023-11-10 15:57:09,546 p=1981943 u=root n=ansible | TASK [ensure group hadoop exists] **********************************************************************************************
2023-11-10 15:57:10,878 p=1981943 u=root n=ansible | ok: [hdfsnn01] => {
    "changed": false,
    "gid": 1000,
    "name": "hadoop",
    "state": "present",
    "system": false
}
2023-11-10 15:57:10,959 p=1981943 u=root n=ansible | ok: [hdfsdn01] => {
    "changed": false,
    "gid": 1000,
    "name": "hadoop",
    "state": "present",
    "system": false
}
2023-11-10 15:57:11,069 p=1981943 u=root n=ansible | TASK [create hadoop user] ******************************************************************************************************
2023-11-10 15:57:12,841 p=1981943 u=root n=ansible | ok: [hdfsnn01] => {
    "append": false,
    "changed": false,
    "comment": "",
    "group": 1000,
    "home": "/home/hadoop",
    "move_home": false,
    "name": "hadoop",
    "shell": "/bin/bash",
    "state": "present",
    "uid": 1000
}
2023-11-10 15:57:12,962 p=1981943 u=root n=ansible | ok: [hdfsdn01] => {
    "append": false,
    "changed": false,
    "comment": "",
    "group": 1000,
    "home": "/home/hadoop",
    "move_home": false,
    "name": "hadoop",
    "shell": "/bin/bash",
    "state": "present",
    "uid": 1000
}
2023-11-10 15:57:13,075 p=1981943 u=root n=ansible | TASK [ensure group hdfs exists] ************************************************************************************************
2023-11-10 15:57:14,038 p=1981943 u=root n=ansible | ok: [hdfsnn01] => {
    "changed": false,
    "gid": 1001,
    "name": "hdfs",
    "state": "present",
    "system": false
}
2023-11-10 15:57:14,140 p=1981943 u=root n=ansible | ok: [hdfsdn01] => {
    "changed": false,
    "gid": 1001,
    "name": "hdfs",
    "state": "present",
    "system": false
}
2023-11-10 15:57:14,238 p=1981943 u=root n=ansible | TASK [create hdfs user] ********************************************************************************************************
2023-11-10 15:57:15,406 p=1981943 u=root n=ansible | ok: [hdfsdn01] => {
    "append": false,
    "changed": false,
    "comment": "",
    "group": 1000,
    "home": "/home/hdfs",
    "move_home": false,
    "name": "hdfs",
    "shell": "/bin/bash",
    "state": "present",
    "uid": 1001
}
2023-11-10 15:57:15,654 p=1981943 u=root n=ansible | ok: [hdfsnn01] => {
    "append": false,
    "changed": false,
    "comment": "",
    "group": 1000,
    "home": "/home/hdfs",
    "move_home": false,
    "name": "hdfs",
    "shell": "/bin/bash",
    "state": "present",
    "uid": 1001
}
2023-11-10 15:57:15,742 p=1981943 u=root n=ansible | TASK [ensure group yarn exists] ************************************************************************************************
2023-11-10 15:57:16,715 p=1981943 u=root n=ansible | ok: [hdfsnn01] => {
    "changed": false,
    "gid": 1002,
    "name": "yarn",
    "state": "present",
    "system": false
}
2023-11-10 15:57:16,805 p=1981943 u=root n=ansible | ok: [hdfsdn01] => {
    "changed": false,
    "gid": 1002,
    "name": "yarn",
    "state": "present",
    "system": false
}
2023-11-10 15:57:16,894 p=1981943 u=root n=ansible | TASK [create yarn user] ********************************************************************************************************
2023-11-10 15:57:18,018 p=1981943 u=root n=ansible | ok: [hdfsnn01] => {
    "append": false,
    "changed": false,
    "comment": "",
    "group": 1000,
    "home": "/home/yarn",
    "move_home": false,
    "name": "yarn",
    "shell": "/bin/bash",
    "state": "present",
    "uid": 1002
}
2023-11-10 15:57:18,127 p=1981943 u=root n=ansible | ok: [hdfsdn01] => {
    "append": false,
    "changed": false,
    "comment": "",
    "group": 1000,
    "home": "/home/yarn",
    "move_home": false,
    "name": "yarn",
    "shell": "/bin/bash",
    "state": "present",
    "uid": 1002
}
2023-11-10 15:57:18,216 p=1981943 u=root n=ansible | TASK [ensure group mapred exists] **********************************************************************************************
2023-11-10 15:57:19,235 p=1981943 u=root n=ansible | ok: [hdfsnn01] => {
    "changed": false,
    "gid": 1003,
    "name": "mapred",
    "state": "present",
    "system": false
}
2023-11-10 15:57:19,378 p=1981943 u=root n=ansible | ok: [hdfsdn01] => {
    "changed": false,
    "gid": 1003,
    "name": "mapred",
    "state": "present",
    "system": false
}
2023-11-10 15:57:19,520 p=1981943 u=root n=ansible | TASK [create mapred user] ******************************************************************************************************
2023-11-10 15:57:20,626 p=1981943 u=root n=ansible | ok: [hdfsnn01] => {
    "append": false,
    "changed": false,
    "comment": "",
    "group": 1000,
    "home": "/home/mapred",
    "move_home": false,
    "name": "mapred",
    "shell": "/bin/bash",
    "state": "present",
    "uid": 1003
}
2023-11-10 15:57:20,764 p=1981943 u=root n=ansible | ok: [hdfsdn01] => {
    "append": false,
    "changed": false,
    "comment": "",
    "group": 1000,
    "home": "/home/mapred",
    "move_home": false,
    "name": "mapred",
    "shell": "/bin/bash",
    "state": "present",
    "uid": 1003
}
2023-11-10 15:57:20,854 p=1981943 u=root n=ansible | TASK [ensure group zookeeper exists] *******************************************************************************************
2023-11-10 15:57:21,178 p=1981943 u=root n=ansible | skipping: [hdfsnn01] => {
    "changed": false,
    "skip_reason": "Conditional result was False"
}
2023-11-10 15:57:21,264 p=1981943 u=root n=ansible | skipping: [hdfsdn01] => {
    "changed": false,
    "skip_reason": "Conditional result was False"
}
2023-11-10 15:57:21,371 p=1981943 u=root n=ansible | TASK [create zookeeper user] ***************************************************************************************************
2023-11-10 15:57:21,701 p=1981943 u=root n=ansible | skipping: [hdfsnn01] => {
    "changed": false,
    "skip_reason": "Conditional result was False"
}
2023-11-10 15:57:21,790 p=1981943 u=root n=ansible | skipping: [hdfsdn01] => {
    "changed": false,
    "skip_reason": "Conditional result was False"
}
2023-11-10 15:57:21,868 p=1981943 u=root n=ansible | TASK [download packages] *******************************************************************************************************
2023-11-10 15:57:22,290 p=1981943 u=root n=ansible | included: /home/ansadmin/playbooks/hdfs/tasks/download.yml for hdfsnn01, hdfsdn01
2023-11-10 15:57:22,356 p=1981943 u=root n=ansible | TASK [download hadoop] *********************************************************************************************************
2023-11-10 15:57:24,399 p=1981943 u=root n=ansible | ok: [hdfsnn01] => {
    "changed": false,
    "dest": "/tmp/hadoop-3.3.6.tar.gz",
    "elapsed": 0,
    "gid": 0,
    "group": "root",
    "mode": "0644",
    "owner": "root",
    "secontext": "unconfined_u:object_r:admin_home_t:s0",
    "size": 730107476,
    "state": "file",
    "status_code": 304,
    "uid": 0,
    "url": "https://archive.apache.org/dist/hadoop/common/hadoop-3.3.6/hadoop-3.3.6.tar.gz"
}

MSG:

HTTP Error 304: Not Modified

2023-11-10 15:57:24,604 p=1981943 u=root n=ansible | ok: [hdfsdn01] => {
    "changed": false,
    "dest": "/tmp/hadoop-3.3.6.tar.gz",
    "elapsed": 0,
    "gid": 0,
    "group": "root",
    "mode": "0644",
    "owner": "root",
    "secontext": "unconfined_u:object_r:admin_home_t:s0",
    "size": 730107476,
    "state": "file",
    "status_code": 304,
    "uid": 0,
    "url": "https://archive.apache.org/dist/hadoop/common/hadoop-3.3.6/hadoop-3.3.6.tar.gz"
}

MSG:

HTTP Error 304: Not Modified

2023-11-10 15:57:24,700 p=1981943 u=root n=ansible | TASK [create hadoop destination directory] *************************************************************************************
2023-11-10 15:57:24,899 p=1981943 u=root n=ansible | skipping: [hdfsnn01] => {
    "changed": false,
    "skip_reason": "Conditional result was False"
}
2023-11-10 15:57:25,021 p=1981943 u=root n=ansible | skipping: [hdfsdn01] => {
    "changed": false,
    "skip_reason": "Conditional result was False"
}
2023-11-10 15:57:25,182 p=1981943 u=root n=ansible | TASK [extract hadoop] **********************************************************************************************************
2023-11-10 15:57:25,446 p=1981943 u=root n=ansible | skipping: [hdfsnn01] => {
    "changed": false,
    "skip_reason": "Conditional result was False"
}
2023-11-10 15:57:25,561 p=1981943 u=root n=ansible | skipping: [hdfsdn01] => {
    "changed": false,
    "skip_reason": "Conditional result was False"
}
2023-11-10 15:57:25,699 p=1981943 u=root n=ansible | TASK [download zookeeper] ******************************************************************************************************
2023-11-10 15:57:25,915 p=1981943 u=root n=ansible | skipping: [hdfsnn01] => {
    "changed": false,
    "skip_reason": "Conditional result was False"
}
2023-11-10 15:57:26,034 p=1981943 u=root n=ansible | skipping: [hdfsdn01] => {
    "changed": false,
    "skip_reason": "Conditional result was False"
}
2023-11-10 15:57:26,122 p=1981943 u=root n=ansible | TASK [create zookeeper destination directory] **********************************************************************************
2023-11-10 15:57:26,358 p=1981943 u=root n=ansible | skipping: [hdfsnn01] => {
    "changed": false,
    "skip_reason": "Conditional result was False"
}
2023-11-10 15:57:26,498 p=1981943 u=root n=ansible | skipping: [hdfsdn01] => {
    "changed": false,
    "skip_reason": "Conditional result was False"
}
2023-11-10 15:57:26,680 p=1981943 u=root n=ansible | TASK [extract zookeeper] *******************************************************************************************************
2023-11-10 15:57:26,864 p=1981943 u=root n=ansible | skipping: [hdfsnn01] => {
    "changed": false,
    "skip_reason": "Conditional result was False"
}
2023-11-10 15:57:26,950 p=1981943 u=root n=ansible | skipping: [hdfsdn01] => {
    "changed": false,
    "skip_reason": "Conditional result was False"
}
2023-11-10 15:57:27,080 p=1981943 u=root n=ansible | TASK [install packages] ********************************************************************************************************
2023-11-10 15:57:27,541 p=1981943 u=root n=ansible | included: /home/ansadmin/playbooks/hdfs/tasks/install.yml for hdfsnn01, hdfsdn01
2023-11-10 15:57:27,604 p=1981943 u=root n=ansible | TASK [Set File limits in /etc/security] ****************************************************************************************
2023-11-10 15:57:30,165 p=1981943 u=root n=ansible | ok: [hdfsnn01] => {
    "changed": false,
    "checksum": "ae8522f2e983aad6e99daa63894fde9f6df787f8",
    "dest": "/etc/security/limits.conf",
    "gid": 0,
    "group": "root",
    "mode": "0644",
    "owner": "root",
    "path": "/etc/security/limits.conf",
    "secontext": "system_u:object_r:etc_t:s0",
    "size": 1080,
    "state": "file",
    "uid": 0
}
2023-11-10 15:57:30,298 p=1981943 u=root n=ansible | ok: [hdfsdn01] => {
    "changed": false,
    "checksum": "ae8522f2e983aad6e99daa63894fde9f6df787f8",
    "dest": "/etc/security/limits.conf",
    "gid": 0,
    "group": "root",
    "mode": "0644",
    "owner": "root",
    "path": "/etc/security/limits.conf",
    "secontext": "system_u:object_r:etc_t:s0",
    "size": 1080,
    "state": "file",
    "uid": 0
}
2023-11-10 15:57:30,404 p=1981943 u=root n=ansible | TASK [proccess sysctl.conf] ****************************************************************************************************
2023-11-10 15:57:31,695 p=1981943 u=root n=ansible | ok: [hdfsnn01] => {
    "changed": false
}
2023-11-10 15:57:31,801 p=1981943 u=root n=ansible | ok: [hdfsdn01] => {
    "changed": false
}
2023-11-10 15:57:31,900 p=1981943 u=root n=ansible | TASK [Set up bash_rc] **********************************************************************************************************
2023-11-10 15:57:32,790 p=1981943 u=root n=ansible | ok: [hdfsdn01] => {
    "changed": false
}
2023-11-10 15:57:32,878 p=1981943 u=root n=ansible | ok: [hdfsnn01] => {
    "changed": false
}
2023-11-10 15:57:32,981 p=1981943 u=root n=ansible | TASK [Source the bashrc file] **************************************************************************************************
2023-11-10 15:57:34,310 p=1981943 u=root n=ansible | changed: [hdfsnn01] => {
    "changed": true,
    "cmd": "source /root/.bashrc",
    "delta": "0:00:00.016085",
    "end": "2023-11-10 15:57:34.219946",
    "rc": 0,
    "start": "2023-11-10 15:57:34.203861"
}
2023-11-10 15:57:34,486 p=1981943 u=root n=ansible | changed: [hdfsdn01] => {
    "changed": true,
    "cmd": "source /root/.bashrc",
    "delta": "0:00:00.022374",
    "end": "2023-11-10 15:57:34.283059",
    "rc": 0,
    "start": "2023-11-10 15:57:34.260685"
}
2023-11-10 15:57:34,579 p=1981943 u=root n=ansible | TASK [create hadoop config directory] ******************************************************************************************
2023-11-10 15:57:35,395 p=1981943 u=root n=ansible | ok: [hdfsnn01] => {
    "changed": false,
    "gid": 1000,
    "group": "hadoop",
    "mode": "0755",
    "owner": "hadoop",
    "path": "/etc/hadoop/",
    "secontext": "unconfined_u:object_r:etc_t:s0",
    "size": 18,
    "state": "directory",
    "uid": 1000
}
2023-11-10 15:57:35,548 p=1981943 u=root n=ansible | ok: [hdfsdn01] => {
    "changed": false,
    "gid": 1000,
    "group": "hadoop",
    "mode": "0755",
    "owner": "hadoop",
    "path": "/etc/hadoop/",
    "secontext": "unconfined_u:object_r:etc_t:s0",
    "size": 18,
    "state": "directory",
    "uid": 1000
}
2023-11-10 15:57:35,648 p=1981943 u=root n=ansible | TASK [create yarn directories] *************************************************************************************************
2023-11-10 15:57:36,676 p=1981943 u=root n=ansible | changed: [hdfsnn01] => (item=/usr/lib/hadoop/hadoop-3.3.6/) => {
    "ansible_loop_var": "item",
    "changed": true,
    "gid": 1002,
    "group": "yarn",
    "item": "/usr/lib/hadoop/hadoop-3.3.6/",
    "mode": "0755",
    "owner": "yarn",
    "path": "/usr/lib/hadoop/hadoop-3.3.6/",
    "secontext": "unconfined_u:object_r:lib_t:s0",
    "size": 4096,
    "state": "directory",
    "uid": 1002
}
2023-11-10 15:57:36,766 p=1981943 u=root n=ansible | changed: [hdfsdn01] => (item=/usr/lib/hadoop/hadoop-3.3.6/) => {
    "ansible_loop_var": "item",
    "changed": true,
    "gid": 1002,
    "group": "yarn",
    "item": "/usr/lib/hadoop/hadoop-3.3.6/",
    "mode": "0755",
    "owner": "yarn",
    "path": "/usr/lib/hadoop/hadoop-3.3.6/",
    "secontext": "unconfined_u:object_r:lib_t:s0",
    "size": 4096,
    "state": "directory",
    "uid": 1002
}
2023-11-10 15:57:37,359 p=1981943 u=root n=ansible | ok: [hdfsnn01] => (item=/var/log/hadoop-yarn) => {
    "ansible_loop_var": "item",
    "changed": false,
    "gid": 1002,
    "group": "yarn",
    "item": "/var/log/hadoop-yarn",
    "mode": "0755",
    "owner": "yarn",
    "path": "/var/log/hadoop-yarn",
    "secontext": "unconfined_u:object_r:var_log_t:s0",
    "size": 22,
    "state": "directory",
    "uid": 1002
}
2023-11-10 15:57:37,642 p=1981943 u=root n=ansible | ok: [hdfsdn01] => (item=/var/log/hadoop-yarn) => {
    "ansible_loop_var": "item",
    "changed": false,
    "gid": 1002,
    "group": "yarn",
    "item": "/var/log/hadoop-yarn",
    "mode": "0755",
    "owner": "yarn",
    "path": "/var/log/hadoop-yarn",
    "secontext": "unconfined_u:object_r:var_log_t:s0",
    "size": 22,
    "state": "directory",
    "uid": 1002
}
2023-11-10 15:57:37,978 p=1981943 u=root n=ansible | ok: [hdfsnn01] => (item=/var/run/hadoop-yarn) => {
    "ansible_loop_var": "item",
    "changed": false,
    "gid": 1002,
    "group": "yarn",
    "item": "/var/run/hadoop-yarn",
    "mode": "0755",
    "owner": "yarn",
    "path": "/var/run/hadoop-yarn",
    "secontext": "unconfined_u:object_r:var_run_t:s0",
    "size": 40,
    "state": "directory",
    "uid": 1002
}
2023-11-10 15:57:38,556 p=1981943 u=root n=ansible | ok: [hdfsdn01] => (item=/var/run/hadoop-yarn) => {
    "ansible_loop_var": "item",
    "changed": false,
    "gid": 1002,
    "group": "yarn",
    "item": "/var/run/hadoop-yarn",
    "mode": "0755",
    "owner": "yarn",
    "path": "/var/run/hadoop-yarn",
    "secontext": "unconfined_u:object_r:var_run_t:s0",
    "size": 40,
    "state": "directory",
    "uid": 1002
}
2023-11-10 15:57:38,610 p=1981943 u=root n=ansible | ok: [hdfsnn01] => (item=/tmp/hadoop-yarn) => {
    "ansible_loop_var": "item",
    "changed": false,
    "gid": 1002,
    "group": "yarn",
    "item": "/tmp/hadoop-yarn",
    "mode": "0755",
    "owner": "yarn",
    "path": "/tmp/hadoop-yarn",
    "secontext": "unconfined_u:object_r:user_tmp_t:s0",
    "size": 26,
    "state": "directory",
    "uid": 1002
}
2023-11-10 15:57:39,225 p=1981943 u=root n=ansible | ok: [hdfsnn01] => (item=/tmp/hadoop-yarn/nm-local-dir) => {
    "ansible_loop_var": "item",
    "changed": false,
    "gid": 1002,
    "group": "yarn",
    "item": "/tmp/hadoop-yarn/nm-local-dir",
    "mode": "0755",
    "owner": "yarn",
    "path": "/tmp/hadoop-yarn/nm-local-dir",
    "secontext": "unconfined_u:object_r:user_tmp_t:s0",
    "size": 6,
    "state": "directory",
    "uid": 1002
}
2023-11-10 15:57:39,406 p=1981943 u=root n=ansible | ok: [hdfsdn01] => (item=/tmp/hadoop-yarn) => {
    "ansible_loop_var": "item",
    "changed": false,
    "gid": 1002,
    "group": "yarn",
    "item": "/tmp/hadoop-yarn",
    "mode": "0755",
    "owner": "yarn",
    "path": "/tmp/hadoop-yarn",
    "secontext": "unconfined_u:object_r:user_tmp_t:s0",
    "size": 26,
    "state": "directory",
    "uid": 1002
}
2023-11-10 15:57:40,082 p=1981943 u=root n=ansible | ok: [hdfsdn01] => (item=/tmp/hadoop-yarn/nm-local-dir) => {
    "ansible_loop_var": "item",
    "changed": false,
    "gid": 1002,
    "group": "yarn",
    "item": "/tmp/hadoop-yarn/nm-local-dir",
    "mode": "0755",
    "owner": "yarn",
    "path": "/tmp/hadoop-yarn/nm-local-dir",
    "secontext": "unconfined_u:object_r:user_tmp_t:s0",
    "size": 6,
    "state": "directory",
    "uid": 1002
}
2023-11-10 15:57:40,109 p=1981943 u=root n=ansible | ok: [hdfsnn01] => (item=/var/log/hadoop-yarn/userlogs) => {
    "ansible_loop_var": "item",
    "changed": false,
    "gid": 1002,
    "group": "yarn",
    "item": "/var/log/hadoop-yarn/userlogs",
    "mode": "0755",
    "owner": "yarn",
    "path": "/var/log/hadoop-yarn/userlogs",
    "secontext": "unconfined_u:object_r:var_log_t:s0",
    "size": 6,
    "state": "directory",
    "uid": 1002
}
2023-11-10 15:57:40,850 p=1981943 u=root n=ansible | ok: [hdfsdn01] => (item=/var/log/hadoop-yarn/userlogs) => {
    "ansible_loop_var": "item",
    "changed": false,
    "gid": 1002,
    "group": "yarn",
    "item": "/var/log/hadoop-yarn/userlogs",
    "mode": "0755",
    "owner": "yarn",
    "path": "/var/log/hadoop-yarn/userlogs",
    "secontext": "unconfined_u:object_r:var_log_t:s0",
    "size": 6,
    "state": "directory",
    "uid": 1002
}
2023-11-10 15:57:40,928 p=1981943 u=root n=ansible | ok: [hdfsnn01] => (item=/var/log/hadoop-yarn/userlogs) => {
    "ansible_loop_var": "item",
    "changed": false,
    "gid": 1002,
    "group": "yarn",
    "item": "/var/log/hadoop-yarn/userlogs",
    "mode": "0755",
    "owner": "yarn",
    "path": "/var/log/hadoop-yarn/userlogs",
    "secontext": "unconfined_u:object_r:var_log_t:s0",
    "size": 6,
    "state": "directory",
    "uid": 1002
}
2023-11-10 15:57:41,508 p=1981943 u=root n=ansible | ok: [hdfsdn01] => (item=/var/log/hadoop-yarn/userlogs) => {
    "ansible_loop_var": "item",
    "changed": false,
    "gid": 1002,
    "group": "yarn",
    "item": "/var/log/hadoop-yarn/userlogs",
    "mode": "0755",
    "owner": "yarn",
    "path": "/var/log/hadoop-yarn/userlogs",
    "secontext": "unconfined_u:object_r:var_log_t:s0",
    "size": 6,
    "state": "directory",
    "uid": 1002
}
2023-11-10 15:57:41,627 p=1981943 u=root n=ansible | TASK [create mapred directories] ***********************************************************************************************
2023-11-10 15:57:42,649 p=1981943 u=root n=ansible | changed: [hdfsnn01] => (item=/usr/lib/hadoop/hadoop-3.3.6/) => {
    "ansible_loop_var": "item",
    "changed": true,
    "gid": 1003,
    "group": "mapred",
    "item": "/usr/lib/hadoop/hadoop-3.3.6/",
    "mode": "0755",
    "owner": "mapred",
    "path": "/usr/lib/hadoop/hadoop-3.3.6/",
    "secontext": "unconfined_u:object_r:lib_t:s0",
    "size": 4096,
    "state": "directory",
    "uid": 1003
}
2023-11-10 15:57:42,777 p=1981943 u=root n=ansible | changed: [hdfsdn01] => (item=/usr/lib/hadoop/hadoop-3.3.6/) => {
    "ansible_loop_var": "item",
    "changed": true,
    "gid": 1003,
    "group": "mapred",
    "item": "/usr/lib/hadoop/hadoop-3.3.6/",
    "mode": "0755",
    "owner": "mapred",
    "path": "/usr/lib/hadoop/hadoop-3.3.6/",
    "secontext": "unconfined_u:object_r:lib_t:s0",
    "size": 4096,
    "state": "directory",
    "uid": 1003
}
2023-11-10 15:57:43,245 p=1981943 u=root n=ansible | ok: [hdfsnn01] => (item=/var/log/hadoop-mapred) => {
    "ansible_loop_var": "item",
    "changed": false,
    "gid": 1003,
    "group": "mapred",
    "item": "/var/log/hadoop-mapred",
    "mode": "0755",
    "owner": "mapred",
    "path": "/var/log/hadoop-mapred",
    "secontext": "unconfined_u:object_r:var_log_t:s0",
    "size": 6,
    "state": "directory",
    "uid": 1003
}
2023-11-10 15:57:43,604 p=1981943 u=root n=ansible | ok: [hdfsdn01] => (item=/var/log/hadoop-mapred) => {
    "ansible_loop_var": "item",
    "changed": false,
    "gid": 1003,
    "group": "mapred",
    "item": "/var/log/hadoop-mapred",
    "mode": "0755",
    "owner": "mapred",
    "path": "/var/log/hadoop-mapred",
    "secontext": "unconfined_u:object_r:var_log_t:s0",
    "size": 6,
    "state": "directory",
    "uid": 1003
}
2023-11-10 15:57:44,214 p=1981943 u=root n=ansible | ok: [hdfsnn01] => (item=/var/run/hadoop-mapred) => {
    "ansible_loop_var": "item",
    "changed": false,
    "gid": 1003,
    "group": "mapred",
    "item": "/var/run/hadoop-mapred",
    "mode": "0755",
    "owner": "mapred",
    "path": "/var/run/hadoop-mapred",
    "secontext": "unconfined_u:object_r:var_run_t:s0",
    "size": 40,
    "state": "directory",
    "uid": 1003
}
2023-11-10 15:57:44,404 p=1981943 u=root n=ansible | ok: [hdfsdn01] => (item=/var/run/hadoop-mapred) => {
    "ansible_loop_var": "item",
    "changed": false,
    "gid": 1003,
    "group": "mapred",
    "item": "/var/run/hadoop-mapred",
    "mode": "0755",
    "owner": "mapred",
    "path": "/var/run/hadoop-mapred",
    "secontext": "unconfined_u:object_r:var_run_t:s0",
    "size": 40,
    "state": "directory",
    "uid": 1003
}
2023-11-10 15:57:45,068 p=1981943 u=root n=ansible | ok: [hdfsnn01] => (item=/tmp/hadoop-mapred) => {
    "ansible_loop_var": "item",
    "changed": false,
    "gid": 1003,
    "group": "mapred",
    "item": "/tmp/hadoop-mapred",
    "mode": "0755",
    "owner": "mapred",
    "path": "/tmp/hadoop-mapred",
    "secontext": "unconfined_u:object_r:user_tmp_t:s0",
    "size": 6,
    "state": "directory",
    "uid": 1003
}
2023-11-10 15:57:45,206 p=1981943 u=root n=ansible | ok: [hdfsdn01] => (item=/tmp/hadoop-mapred) => {
    "ansible_loop_var": "item",
    "changed": false,
    "gid": 1003,
    "group": "mapred",
    "item": "/tmp/hadoop-mapred",
    "mode": "0755",
    "owner": "mapred",
    "path": "/tmp/hadoop-mapred",
    "secontext": "unconfined_u:object_r:user_tmp_t:s0",
    "size": 6,
    "state": "directory",
    "uid": 1003
}
2023-11-10 15:57:45,301 p=1981943 u=root n=ansible | TASK [create hdfs directories] *************************************************************************************************
2023-11-10 15:57:46,473 p=1981943 u=root n=ansible | changed: [hdfsnn01] => (item=/usr/lib/hadoop/hadoop-3.3.6/) => {
    "ansible_loop_var": "item",
    "changed": true,
    "gid": 1000,
    "group": "hadoop",
    "item": "/usr/lib/hadoop/hadoop-3.3.6/",
    "mode": "0755",
    "owner": "hdfs",
    "path": "/usr/lib/hadoop/hadoop-3.3.6/",
    "secontext": "unconfined_u:object_r:lib_t:s0",
    "size": 4096,
    "state": "directory",
    "uid": 1001
}
2023-11-10 15:57:46,635 p=1981943 u=root n=ansible | changed: [hdfsdn01] => (item=/usr/lib/hadoop/hadoop-3.3.6/) => {
    "ansible_loop_var": "item",
    "changed": true,
    "gid": 1000,
    "group": "hadoop",
    "item": "/usr/lib/hadoop/hadoop-3.3.6/",
    "mode": "0755",
    "owner": "hdfs",
    "path": "/usr/lib/hadoop/hadoop-3.3.6/",
    "secontext": "unconfined_u:object_r:lib_t:s0",
    "size": 4096,
    "state": "directory",
    "uid": 1001
}
2023-11-10 15:57:47,115 p=1981943 u=root n=ansible | ok: [hdfsnn01] => (item=/var/log/hadoop) => {
    "ansible_loop_var": "item",
    "changed": false,
    "gid": 1000,
    "group": "hadoop",
    "item": "/var/log/hadoop",
    "mode": "0755",
    "owner": "hdfs",
    "path": "/var/log/hadoop",
    "secontext": "unconfined_u:object_r:var_log_t:s0",
    "size": 4096,
    "state": "directory",
    "uid": 1001
}
2023-11-10 15:57:47,509 p=1981943 u=root n=ansible | ok: [hdfsdn01] => (item=/var/log/hadoop) => {
    "ansible_loop_var": "item",
    "changed": false,
    "gid": 1000,
    "group": "hadoop",
    "item": "/var/log/hadoop",
    "mode": "0755",
    "owner": "hdfs",
    "path": "/var/log/hadoop",
    "secontext": "unconfined_u:object_r:var_log_t:s0",
    "size": 6,
    "state": "directory",
    "uid": 1001
}
2023-11-10 15:57:47,834 p=1981943 u=root n=ansible | ok: [hdfsnn01] => (item=/var/run/hadoop) => {
    "ansible_loop_var": "item",
    "changed": false,
    "gid": 1000,
    "group": "hadoop",
    "item": "/var/run/hadoop",
    "mode": "0755",
    "owner": "hdfs",
    "path": "/var/run/hadoop",
    "secontext": "unconfined_u:object_r:var_run_t:s0",
    "size": 60,
    "state": "directory",
    "uid": 1001
}
2023-11-10 15:57:48,337 p=1981943 u=root n=ansible | ok: [hdfsdn01] => (item=/var/run/hadoop) => {
    "ansible_loop_var": "item",
    "changed": false,
    "gid": 1000,
    "group": "hadoop",
    "item": "/var/run/hadoop",
    "mode": "0755",
    "owner": "hdfs",
    "path": "/var/run/hadoop",
    "secontext": "unconfined_u:object_r:var_run_t:s0",
    "size": 120,
    "state": "directory",
    "uid": 1001
}
2023-11-10 15:57:48,627 p=1981943 u=root n=ansible | ok: [hdfsnn01] => (item=/data/hdfs) => {
    "ansible_loop_var": "item",
    "changed": false,
    "gid": 1000,
    "group": "hadoop",
    "item": "/data/hdfs",
    "mode": "0755",
    "owner": "hdfs",
    "path": "/data/hdfs",
    "secontext": "unconfined_u:object_r:unlabeled_t:s0",
    "size": 65,
    "state": "directory",
    "uid": 1001
}
2023-11-10 15:57:49,130 p=1981943 u=root n=ansible | ok: [hdfsdn01] => (item=/data/hdfs) => {
    "ansible_loop_var": "item",
    "changed": false,
    "gid": 1000,
    "group": "hadoop",
    "item": "/data/hdfs",
    "mode": "0755",
    "owner": "hdfs",
    "path": "/data/hdfs",
    "secontext": "unconfined_u:object_r:unlabeled_t:s0",
    "size": 65,
    "state": "directory",
    "uid": 1001
}
2023-11-10 15:57:49,649 p=1981943 u=root n=ansible | ok: [hdfsnn01] => (item=/var/log/hadoop-hdfs) => {
    "ansible_loop_var": "item",
    "changed": false,
    "gid": 1000,
    "group": "hadoop",
    "item": "/var/log/hadoop-hdfs",
    "mode": "0755",
    "owner": "hdfs",
    "path": "/var/log/hadoop-hdfs",
    "secontext": "unconfined_u:object_r:var_log_t:s0",
    "size": 6,
    "state": "directory",
    "uid": 1001
}
2023-11-10 15:57:49,833 p=1981943 u=root n=ansible | ok: [hdfsdn01] => (item=/var/log/hadoop-hdfs) => {
    "ansible_loop_var": "item",
    "changed": false,
    "gid": 1000,
    "group": "hadoop",
    "item": "/var/log/hadoop-hdfs",
    "mode": "0755",
    "owner": "hdfs",
    "path": "/var/log/hadoop-hdfs",
    "secontext": "unconfined_u:object_r:var_log_t:s0",
    "size": 6,
    "state": "directory",
    "uid": 1001
}
2023-11-10 15:57:50,301 p=1981943 u=root n=ansible | ok: [hdfsnn01] => (item=/var/run/hadoop-hdfs) => {
    "ansible_loop_var": "item",
    "changed": false,
    "gid": 1000,
    "group": "hadoop",
    "item": "/var/run/hadoop-hdfs",
    "mode": "0755",
    "owner": "hdfs",
    "path": "/var/run/hadoop-hdfs",
    "secontext": "unconfined_u:object_r:var_run_t:s0",
    "size": 40,
    "state": "directory",
    "uid": 1001
}
2023-11-10 15:57:50,794 p=1981943 u=root n=ansible | ok: [hdfsdn01] => (item=/var/run/hadoop-hdfs) => {
    "ansible_loop_var": "item",
    "changed": false,
    "gid": 1000,
    "group": "hadoop",
    "item": "/var/run/hadoop-hdfs",
    "mode": "0755",
    "owner": "hdfs",
    "path": "/var/run/hadoop-hdfs",
    "secontext": "unconfined_u:object_r:var_run_t:s0",
    "size": 40,
    "state": "directory",
    "uid": 1001
}
2023-11-10 15:57:51,106 p=1981943 u=root n=ansible | ok: [hdfsnn01] => (item=/tmp/hadoop-hdfs) => {
    "ansible_loop_var": "item",
    "changed": false,
    "gid": 1000,
    "group": "hadoop",
    "item": "/tmp/hadoop-hdfs",
    "mode": "0755",
    "owner": "hdfs",
    "path": "/tmp/hadoop-hdfs",
    "secontext": "unconfined_u:object_r:user_tmp_t:s0",
    "size": 6,
    "state": "directory",
    "uid": 1001
}
2023-11-10 15:57:51,840 p=1981943 u=root n=ansible | ok: [hdfsdn01] => (item=/tmp/hadoop-hdfs) => {
    "ansible_loop_var": "item",
    "changed": false,
    "gid": 1000,
    "group": "hadoop",
    "item": "/tmp/hadoop-hdfs",
    "mode": "0755",
    "owner": "hdfs",
    "path": "/tmp/hadoop-hdfs",
    "secontext": "unconfined_u:object_r:user_tmp_t:s0",
    "size": 17,
    "state": "directory",
    "uid": 1001
}
2023-11-10 15:57:51,854 p=1981943 u=root n=ansible | ok: [hdfsnn01] => (item=/data/hdfs/nn) => {
    "ansible_loop_var": "item",
    "changed": false,
    "gid": 1000,
    "group": "hadoop",
    "item": "/data/hdfs/nn",
    "mode": "0755",
    "owner": "hdfs",
    "path": "/data/hdfs/nn",
    "secontext": "unconfined_u:object_r:unlabeled_t:s0",
    "size": 21,
    "state": "directory",
    "uid": 1001
}
2023-11-10 15:57:52,842 p=1981943 u=root n=ansible | ok: [hdfsdn01] => (item=/data/hdfs/nn) => {
    "ansible_loop_var": "item",
    "changed": false,
    "gid": 1000,
    "group": "hadoop",
    "item": "/data/hdfs/nn",
    "mode": "0755",
    "owner": "hdfs",
    "path": "/data/hdfs/nn",
    "secontext": "unconfined_u:object_r:unlabeled_t:s0",
    "size": 6,
    "state": "directory",
    "uid": 1001
}
2023-11-10 15:57:52,977 p=1981943 u=root n=ansible | ok: [hdfsnn01] => (item=/data/hdfs/dn) => {
    "ansible_loop_var": "item",
    "changed": false,
    "gid": 1000,
    "group": "hadoop",
    "item": "/data/hdfs/dn",
    "mode": "0755",
    "owner": "hdfs",
    "path": "/data/hdfs/dn",
    "secontext": "unconfined_u:object_r:unlabeled_t:s0",
    "size": 6,
    "state": "directory",
    "uid": 1001
}
2023-11-10 15:57:53,828 p=1981943 u=root n=ansible | ok: [hdfsnn01] => (item=/data/hdfs/jn) => {
    "ansible_loop_var": "item",
    "changed": false,
    "gid": 1000,
    "group": "hadoop",
    "item": "/data/hdfs/jn",
    "mode": "0755",
    "owner": "hdfs",
    "path": "/data/hdfs/jn",
    "secontext": "unconfined_u:object_r:unlabeled_t:s0",
    "size": 39,
    "state": "directory",
    "uid": 1001
}
2023-11-10 15:57:53,928 p=1981943 u=root n=ansible | ok: [hdfsdn01] => (item=/data/hdfs/dn) => {
    "ansible_loop_var": "item",
    "changed": false,
    "gid": 1000,
    "group": "hadoop",
    "item": "/data/hdfs/dn",
    "mode": "0755",
    "owner": "hdfs",
    "path": "/data/hdfs/dn",
    "secontext": "unconfined_u:object_r:unlabeled_t:s0",
    "size": 6,
    "state": "directory",
    "uid": 1001
}
2023-11-10 15:57:54,715 p=1981943 u=root n=ansible | ok: [hdfsnn01] => (item=/data/hdfs/checkpoint) => {
    "ansible_loop_var": "item",
    "changed": false,
    "gid": 1000,
    "group": "hadoop",
    "item": "/data/hdfs/checkpoint",
    "mode": "0755",
    "owner": "hdfs",
    "path": "/data/hdfs/checkpoint",
    "secontext": "unconfined_u:object_r:unlabeled_t:s0",
    "size": 4096,
    "state": "directory",
    "uid": 1001
}
2023-11-10 15:57:54,791 p=1981943 u=root n=ansible | ok: [hdfsdn01] => (item=/data/hdfs/jn) => {
    "ansible_loop_var": "item",
    "changed": false,
    "gid": 1000,
    "group": "hadoop",
    "item": "/data/hdfs/jn",
    "mode": "0755",
    "owner": "hdfs",
    "path": "/data/hdfs/jn",
    "secontext": "unconfined_u:object_r:unlabeled_t:s0",
    "size": 39,
    "state": "directory",
    "uid": 1001
}
2023-11-10 15:57:55,538 p=1981943 u=root n=ansible | ok: [hdfsnn01] => (item=/data/hdfs/snn) => {
    "ansible_loop_var": "item",
    "changed": false,
    "gid": 1000,
    "group": "hadoop",
    "item": "/data/hdfs/snn",
    "mode": "0755",
    "owner": "hdfs",
    "path": "/data/hdfs/snn",
    "secontext": "unconfined_u:object_r:unlabeled_t:s0",
    "size": 6,
    "state": "directory",
    "uid": 1001
}
2023-11-10 15:57:55,760 p=1981943 u=root n=ansible | ok: [hdfsdn01] => (item=/data/hdfs/checkpoint) => {
    "ansible_loop_var": "item",
    "changed": false,
    "gid": 1000,
    "group": "hadoop",
    "item": "/data/hdfs/checkpoint",
    "mode": "0755",
    "owner": "hdfs",
    "path": "/data/hdfs/checkpoint",
    "secontext": "unconfined_u:object_r:unlabeled_t:s0",
    "size": 4096,
    "state": "directory",
    "uid": 1001
}
2023-11-10 15:57:56,253 p=1981943 u=root n=ansible | ok: [hdfsnn01] => (item=/data/hdfs/jn/current) => {
    "ansible_loop_var": "item",
    "changed": false,
    "gid": 1000,
    "group": "hadoop",
    "item": "/data/hdfs/jn/current",
    "mode": "0755",
    "owner": "hdfs",
    "path": "/data/hdfs/jn/current",
    "secontext": "unconfined_u:object_r:unlabeled_t:s0",
    "size": 6,
    "state": "directory",
    "uid": 1001
}
2023-11-10 15:57:56,675 p=1981943 u=root n=ansible | ok: [hdfsdn01] => (item=/data/hdfs/snn) => {
    "ansible_loop_var": "item",
    "changed": false,
    "gid": 1000,
    "group": "hadoop",
    "item": "/data/hdfs/snn",
    "mode": "0755",
    "owner": "hdfs",
    "path": "/data/hdfs/snn",
    "secontext": "unconfined_u:object_r:unlabeled_t:s0",
    "size": 6,
    "state": "directory",
    "uid": 1001
}
2023-11-10 15:57:56,909 p=1981943 u=root n=ansible | ok: [hdfsnn01] => (item=/data/hdfs/jn/inprogress) => {
    "ansible_loop_var": "item",
    "changed": false,
    "gid": 1000,
    "group": "hadoop",
    "item": "/data/hdfs/jn/inprogress",
    "mode": "0755",
    "owner": "hdfs",
    "path": "/data/hdfs/jn/inprogress",
    "secontext": "unconfined_u:object_r:unlabeled_t:s0",
    "size": 6,
    "state": "directory",
    "uid": 1001
}
2023-11-10 15:57:57,788 p=1981943 u=root n=ansible | ok: [hdfsnn01] => (item=/data/hdfs/checkpoint) => {
    "ansible_loop_var": "item",
    "changed": false,
    "gid": 1000,
    "group": "hadoop",
    "item": "/data/hdfs/checkpoint",
    "mode": "0755",
    "owner": "hdfs",
    "path": "/data/hdfs/checkpoint",
    "secontext": "unconfined_u:object_r:unlabeled_t:s0",
    "size": 4096,
    "state": "directory",
    "uid": 1001
}
2023-11-10 15:57:57,802 p=1981943 u=root n=ansible | ok: [hdfsdn01] => (item=/data/hdfs/jn/current) => {
    "ansible_loop_var": "item",
    "changed": false,
    "gid": 1000,
    "group": "hadoop",
    "item": "/data/hdfs/jn/current",
    "mode": "0755",
    "owner": "hdfs",
    "path": "/data/hdfs/jn/current",
    "secontext": "unconfined_u:object_r:unlabeled_t:s0",
    "size": 6,
    "state": "directory",
    "uid": 1001
}
2023-11-10 15:57:58,480 p=1981943 u=root n=ansible | ok: [hdfsdn01] => (item=/data/hdfs/jn/inprogress) => {
    "ansible_loop_var": "item",
    "changed": false,
    "gid": 1000,
    "group": "hadoop",
    "item": "/data/hdfs/jn/inprogress",
    "mode": "0755",
    "owner": "hdfs",
    "path": "/data/hdfs/jn/inprogress",
    "secontext": "unconfined_u:object_r:unlabeled_t:s0",
    "size": 6,
    "state": "directory",
    "uid": 1001
}
2023-11-10 15:57:58,849 p=1981943 u=root n=ansible | ok: [hdfsnn01] => (item=/data/hdfs/checkpoint/inprogress) => {
    "ansible_loop_var": "item",
    "changed": false,
    "gid": 1000,
    "group": "hadoop",
    "item": "/data/hdfs/checkpoint/inprogress",
    "mode": "0755",
    "owner": "hdfs",
    "path": "/data/hdfs/checkpoint/inprogress",
    "secontext": "unconfined_u:object_r:unlabeled_t:s0",
    "size": 6,
    "state": "directory",
    "uid": 1001
}
2023-11-10 15:57:59,487 p=1981943 u=root n=ansible | ok: [hdfsdn01] => (item=/data/hdfs/checkpoint) => {
    "ansible_loop_var": "item",
    "changed": false,
    "gid": 1000,
    "group": "hadoop",
    "item": "/data/hdfs/checkpoint",
    "mode": "0755",
    "owner": "hdfs",
    "path": "/data/hdfs/checkpoint",
    "secontext": "unconfined_u:object_r:unlabeled_t:s0",
    "size": 4096,
    "state": "directory",
    "uid": 1001
}
2023-11-10 15:57:59,722 p=1981943 u=root n=ansible | ok: [hdfsnn01] => (item=/data/hdfs/checkpoint/current) => {
    "ansible_loop_var": "item",
    "changed": false,
    "gid": 1000,
    "group": "hadoop",
    "item": "/data/hdfs/checkpoint/current",
    "mode": "0755",
    "owner": "hdfs",
    "path": "/data/hdfs/checkpoint/current",
    "secontext": "unconfined_u:object_r:unlabeled_t:s0",
    "size": 6,
    "state": "directory",
    "uid": 1001
}
2023-11-10 15:58:00,190 p=1981943 u=root n=ansible | ok: [hdfsdn01] => (item=/data/hdfs/checkpoint/inprogress) => {
    "ansible_loop_var": "item",
    "changed": false,
    "gid": 1000,
    "group": "hadoop",
    "item": "/data/hdfs/checkpoint/inprogress",
    "mode": "0755",
    "owner": "hdfs",
    "path": "/data/hdfs/checkpoint/inprogress",
    "secontext": "unconfined_u:object_r:unlabeled_t:s0",
    "size": 6,
    "state": "directory",
    "uid": 1001
}
2023-11-10 15:58:00,534 p=1981943 u=root n=ansible | ok: [hdfsnn01] => (item=/data/hdfs/checkpoint/current) => {
    "ansible_loop_var": "item",
    "changed": false,
    "gid": 1000,
    "group": "hadoop",
    "item": "/data/hdfs/checkpoint/current",
    "mode": "0755",
    "owner": "hdfs",
    "path": "/data/hdfs/checkpoint/current",
    "secontext": "unconfined_u:object_r:unlabeled_t:s0",
    "size": 6,
    "state": "directory",
    "uid": 1001
}
2023-11-10 15:58:00,903 p=1981943 u=root n=ansible | ok: [hdfsdn01] => (item=/data/hdfs/checkpoint/current) => {
    "ansible_loop_var": "item",
    "changed": false,
    "gid": 1000,
    "group": "hadoop",
    "item": "/data/hdfs/checkpoint/current",
    "mode": "0755",
    "owner": "hdfs",
    "path": "/data/hdfs/checkpoint/current",
    "secontext": "unconfined_u:object_r:unlabeled_t:s0",
    "size": 6,
    "state": "directory",
    "uid": 1001
}
2023-11-10 15:58:01,469 p=1981943 u=root n=ansible | ok: [hdfsnn01] => (item=/data/hdfs/checkpoint/current) => {
    "ansible_loop_var": "item",
    "changed": false,
    "gid": 1000,
    "group": "hadoop",
    "item": "/data/hdfs/checkpoint/current",
    "mode": "0755",
    "owner": "hdfs",
    "path": "/data/hdfs/checkpoint/current",
    "secontext": "unconfined_u:object_r:unlabeled_t:s0",
    "size": 6,
    "state": "directory",
    "uid": 1001
}
2023-11-10 15:58:01,813 p=1981943 u=root n=ansible | ok: [hdfsdn01] => (item=/data/hdfs/checkpoint/current) => {
    "ansible_loop_var": "item",
    "changed": false,
    "gid": 1000,
    "group": "hadoop",
    "item": "/data/hdfs/checkpoint/current",
    "mode": "0755",
    "owner": "hdfs",
    "path": "/data/hdfs/checkpoint/current",
    "secontext": "unconfined_u:object_r:unlabeled_t:s0",
    "size": 6,
    "state": "directory",
    "uid": 1001
}
2023-11-10 15:58:02,209 p=1981943 u=root n=ansible | ok: [hdfsnn01] => (item=/data/hdfs/checkpoint/inprogress) => {
    "ansible_loop_var": "item",
    "changed": false,
    "gid": 1000,
    "group": "hadoop",
    "item": "/data/hdfs/checkpoint/inprogress",
    "mode": "0755",
    "owner": "hdfs",
    "path": "/data/hdfs/checkpoint/inprogress",
    "secontext": "unconfined_u:object_r:unlabeled_t:s0",
    "size": 6,
    "state": "directory",
    "uid": 1001
}
2023-11-10 15:58:02,647 p=1981943 u=root n=ansible | ok: [hdfsdn01] => (item=/data/hdfs/checkpoint/current) => {
    "ansible_loop_var": "item",
    "changed": false,
    "gid": 1000,
    "group": "hadoop",
    "item": "/data/hdfs/checkpoint/current",
    "mode": "0755",
    "owner": "hdfs",
    "path": "/data/hdfs/checkpoint/current",
    "secontext": "unconfined_u:object_r:unlabeled_t:s0",
    "size": 6,
    "state": "directory",
    "uid": 1001
}
2023-11-10 15:58:02,988 p=1981943 u=root n=ansible | ok: [hdfsnn01] => (item=/data/hdfs/checkpoint/last_gzxid) => {
    "ansible_loop_var": "item",
    "changed": false,
    "gid": 1000,
    "group": "hadoop",
    "item": "/data/hdfs/checkpoint/last_gzxid",
    "mode": "0755",
    "owner": "hdfs",
    "path": "/data/hdfs/checkpoint/last_gzxid",
    "secontext": "unconfined_u:object_r:unlabeled_t:s0",
    "size": 6,
    "state": "directory",
    "uid": 1001
}
2023-11-10 15:58:03,677 p=1981943 u=root n=ansible | ok: [hdfsdn01] => (item=/data/hdfs/checkpoint/inprogress) => {
    "ansible_loop_var": "item",
    "changed": false,
    "gid": 1000,
    "group": "hadoop",
    "item": "/data/hdfs/checkpoint/inprogress",
    "mode": "0755",
    "owner": "hdfs",
    "path": "/data/hdfs/checkpoint/inprogress",
    "secontext": "unconfined_u:object_r:unlabeled_t:s0",
    "size": 6,
    "state": "directory",
    "uid": 1001
}
2023-11-10 15:58:03,910 p=1981943 u=root n=ansible | ok: [hdfsnn01] => (item=/data/hdfs/checkpoint/last_written_txid) => {
    "ansible_loop_var": "item",
    "changed": false,
    "gid": 1000,
    "group": "hadoop",
    "item": "/data/hdfs/checkpoint/last_written_txid",
    "mode": "0755",
    "owner": "hdfs",
    "path": "/data/hdfs/checkpoint/last_written_txid",
    "secontext": "unconfined_u:object_r:unlabeled_t:s0",
    "size": 6,
    "state": "directory",
    "uid": 1001
}
2023-11-10 15:58:04,415 p=1981943 u=root n=ansible | ok: [hdfsdn01] => (item=/data/hdfs/checkpoint/last_gzxid) => {
    "ansible_loop_var": "item",
    "changed": false,
    "gid": 1000,
    "group": "hadoop",
    "item": "/data/hdfs/checkpoint/last_gzxid",
    "mode": "0755",
    "owner": "hdfs",
    "path": "/data/hdfs/checkpoint/last_gzxid",
    "secontext": "unconfined_u:object_r:unlabeled_t:s0",
    "size": 6,
    "state": "directory",
    "uid": 1001
}
2023-11-10 15:58:04,805 p=1981943 u=root n=ansible | ok: [hdfsnn01] => (item=/data/hdfs/checkpoint/last_promised_epoch) => {
    "ansible_loop_var": "item",
    "changed": false,
    "gid": 1000,
    "group": "hadoop",
    "item": "/data/hdfs/checkpoint/last_promised_epoch",
    "mode": "0755",
    "owner": "hdfs",
    "path": "/data/hdfs/checkpoint/last_promised_epoch",
    "secontext": "unconfined_u:object_r:unlabeled_t:s0",
    "size": 6,
    "state": "directory",
    "uid": 1001
}
2023-11-10 15:58:05,350 p=1981943 u=root n=ansible | ok: [hdfsdn01] => (item=/data/hdfs/checkpoint/last_written_txid) => {
    "ansible_loop_var": "item",
    "changed": false,
    "gid": 1000,
    "group": "hadoop",
    "item": "/data/hdfs/checkpoint/last_written_txid",
    "mode": "0755",
    "owner": "hdfs",
    "path": "/data/hdfs/checkpoint/last_written_txid",
    "secontext": "unconfined_u:object_r:unlabeled_t:s0",
    "size": 6,
    "state": "directory",
    "uid": 1001
}
2023-11-10 15:58:05,634 p=1981943 u=root n=ansible | ok: [hdfsnn01] => (item=/data/hdfs/checkpoint/last_accepted_epoch) => {
    "ansible_loop_var": "item",
    "changed": false,
    "gid": 1000,
    "group": "hadoop",
    "item": "/data/hdfs/checkpoint/last_accepted_epoch",
    "mode": "0755",
    "owner": "hdfs",
    "path": "/data/hdfs/checkpoint/last_accepted_epoch",
    "secontext": "unconfined_u:object_r:unlabeled_t:s0",
    "size": 6,
    "state": "directory",
    "uid": 1001
}
2023-11-10 15:58:06,012 p=1981943 u=root n=ansible | ok: [hdfsdn01] => (item=/data/hdfs/checkpoint/last_promised_epoch) => {
    "ansible_loop_var": "item",
    "changed": false,
    "gid": 1000,
    "group": "hadoop",
    "item": "/data/hdfs/checkpoint/last_promised_epoch",
    "mode": "0755",
    "owner": "hdfs",
    "path": "/data/hdfs/checkpoint/last_promised_epoch",
    "secontext": "unconfined_u:object_r:unlabeled_t:s0",
    "size": 6,
    "state": "directory",
    "uid": 1001
}
2023-11-10 15:58:06,587 p=1981943 u=root n=ansible | ok: [hdfsdn01] => (item=/data/hdfs/checkpoint/last_accepted_epoch) => {
    "ansible_loop_var": "item",
    "changed": false,
    "gid": 1000,
    "group": "hadoop",
    "item": "/data/hdfs/checkpoint/last_accepted_epoch",
    "mode": "0755",
    "owner": "hdfs",
    "path": "/data/hdfs/checkpoint/last_accepted_epoch",
    "secontext": "unconfined_u:object_r:unlabeled_t:s0",
    "size": 6,
    "state": "directory",
    "uid": 1001
}
2023-11-10 15:58:06,703 p=1981943 u=root n=ansible | TASK [create zookeeper config directory] ***************************************************************************************
2023-11-10 15:58:06,944 p=1981943 u=root n=ansible | skipping: [hdfsnn01] => {
    "changed": false,
    "skip_reason": "Conditional result was False"
}
2023-11-10 15:58:07,064 p=1981943 u=root n=ansible | skipping: [hdfsdn01] => {
    "changed": false,
    "skip_reason": "Conditional result was False"
}
2023-11-10 15:58:07,191 p=1981943 u=root n=ansible | TASK [create zookeeper directories] ********************************************************************************************
2023-11-10 15:58:07,566 p=1981943 u=root n=ansible | skipping: [hdfsnn01] => (item=/zkpr/data)  => {
    "ansible_loop_var": "item",
    "changed": false,
    "item": "/zkpr/data",
    "skip_reason": "Conditional result was False"
}
2023-11-10 15:58:07,632 p=1981943 u=root n=ansible | skipping: [hdfsnn01] => (item=/zkpr/data-log)  => {
    "ansible_loop_var": "item",
    "changed": false,
    "item": "/zkpr/data-log",
    "skip_reason": "Conditional result was False"
}
2023-11-10 15:58:07,677 p=1981943 u=root n=ansible | skipping: [hdfsdn01] => (item=/zkpr/data)  => {
    "ansible_loop_var": "item",
    "changed": false,
    "item": "/zkpr/data",
    "skip_reason": "Conditional result was False"
}
2023-11-10 15:58:07,710 p=1981943 u=root n=ansible | skipping: [hdfsnn01] => (item=/var/log/zookeeper)  => {
    "ansible_loop_var": "item",
    "changed": false,
    "item": "/var/log/zookeeper",
    "skip_reason": "Conditional result was False"
}
2023-11-10 15:58:07,749 p=1981943 u=root n=ansible | skipping: [hdfsdn01] => (item=/zkpr/data-log)  => {
    "ansible_loop_var": "item",
    "changed": false,
    "item": "/zkpr/data-log",
    "skip_reason": "Conditional result was False"
}
2023-11-10 15:58:07,778 p=1981943 u=root n=ansible | skipping: [hdfsnn01] => (item=/var/run/zookeeper)  => {
    "ansible_loop_var": "item",
    "changed": false,
    "item": "/var/run/zookeeper",
    "skip_reason": "Conditional result was False"
}
2023-11-10 15:58:07,781 p=1981943 u=root n=ansible | skipping: [hdfsnn01] => {
    "changed": false
}

MSG:

All items skipped

2023-11-10 15:58:07,855 p=1981943 u=root n=ansible | skipping: [hdfsdn01] => (item=/var/log/zookeeper)  => {
    "ansible_loop_var": "item",
    "changed": false,
    "item": "/var/log/zookeeper",
    "skip_reason": "Conditional result was False"
}
2023-11-10 15:58:07,860 p=1981943 u=root n=ansible | skipping: [hdfsdn01] => (item=/var/run/zookeeper)  => {
    "ansible_loop_var": "item",
    "changed": false,
    "item": "/var/run/zookeeper",
    "skip_reason": "Conditional result was False"
}
2023-11-10 15:58:07,864 p=1981943 u=root n=ansible | skipping: [hdfsdn01] => {
    "changed": false
}

MSG:

All items skipped

2023-11-10 15:58:07,938 p=1981943 u=root n=ansible | TASK [Create Hadoop Node Zookeeper myid] ***************************************************************************************
2023-11-10 15:58:08,234 p=1981943 u=root n=ansible | skipping: [hdfsnn01] => {
    "changed": false,
    "skip_reason": "Conditional result was False"
}
2023-11-10 15:58:08,334 p=1981943 u=root n=ansible | skipping: [hdfsdn01] => {
    "changed": false,
    "skip_reason": "Conditional result was False"
}
2023-11-10 15:58:08,508 p=1981943 u=root n=ansible | TASK [Set up java.sh in /etc/profile.d/] ***************************************************************************************
2023-11-10 15:58:10,308 p=1981943 u=root n=ansible | ok: [hdfsnn01] => {
    "changed": false,
    "checksum": "6ff1f7b49a30935c8b6d500ad9ce30c28c4b1d42",
    "dest": "/etc/profile.d/java.sh",
    "gid": 0,
    "group": "root",
    "mode": "0644",
    "owner": "root",
    "path": "/etc/profile.d/java.sh",
    "secontext": "system_u:object_r:bin_t:s0",
    "size": 39,
    "state": "file",
    "uid": 0
}
2023-11-10 15:58:10,420 p=1981943 u=root n=ansible | ok: [hdfsdn01] => {
    "changed": false,
    "checksum": "6ff1f7b49a30935c8b6d500ad9ce30c28c4b1d42",
    "dest": "/etc/profile.d/java.sh",
    "gid": 0,
    "group": "root",
    "mode": "0644",
    "owner": "root",
    "path": "/etc/profile.d/java.sh",
    "secontext": "system_u:object_r:bin_t:s0",
    "size": 39,
    "state": "file",
    "uid": 0
}
2023-11-10 15:58:10,535 p=1981943 u=root n=ansible | TASK [Set up hadoop.sh in /etc/profile.d] **************************************************************************************
2023-11-10 15:58:13,237 p=1981943 u=root n=ansible | changed: [hdfsdn01] => {
    "backup_file": "/etc/profile.d/hadoop.sh.2145.2023-11-10@15:58:12~",
    "changed": true,
    "checksum": "023e2c99a59202321736ac48c3636673e9eb7584",
    "dest": "/etc/profile.d/hadoop.sh",
    "gid": 0,
    "group": "root",
    "md5sum": "c5691313b904efda44e37f4063d6e261",
    "mode": "0644",
    "owner": "root",
    "secontext": "system_u:object_r:bin_t:s0",
    "size": 373,
    "src": "/root/.ansible/tmp/ansible-tmp-1699631890.9809356-1986950-200872221054292/source",
    "state": "file",
    "uid": 0
}
2023-11-10 15:58:13,343 p=1981943 u=root n=ansible | changed: [hdfsnn01] => {
    "backup_file": "/etc/profile.d/hadoop.sh.11068.2023-11-10@15:58:13~",
    "changed": true,
    "checksum": "023e2c99a59202321736ac48c3636673e9eb7584",
    "dest": "/etc/profile.d/hadoop.sh",
    "gid": 0,
    "group": "root",
    "md5sum": "c5691313b904efda44e37f4063d6e261",
    "mode": "0644",
    "owner": "root",
    "secontext": "system_u:object_r:bin_t:s0",
    "size": 373,
    "src": "/root/.ansible/tmp/ansible-tmp-1699631890.890781-1986949-249397461499036/source",
    "state": "file",
    "uid": 0
}
2023-11-10 15:58:13,495 p=1981943 u=root n=ansible | TASK [Set up zookeeper.sh in /etc/profile.d] ***********************************************************************************
2023-11-10 15:58:13,754 p=1981943 u=root n=ansible | skipping: [hdfsnn01] => {
    "changed": false,
    "skip_reason": "Conditional result was False"
}
2023-11-10 15:58:13,851 p=1981943 u=root n=ansible | skipping: [hdfsdn01] => {
    "changed": false,
    "skip_reason": "Conditional result was False"
}
2023-11-10 15:58:13,939 p=1981943 u=root n=ansible | TASK [Setup zookeeper service file in /usr/lib/systemd/system] *****************************************************************
2023-11-10 15:58:14,254 p=1981943 u=root n=ansible | skipping: [hdfsnn01] => {
    "changed": false,
    "skip_reason": "Conditional result was False"
}
2023-11-10 15:58:14,371 p=1981943 u=root n=ansible | skipping: [hdfsdn01] => {
    "changed": false,
    "skip_reason": "Conditional result was False"
}
2023-11-10 15:58:14,491 p=1981943 u=root n=ansible | TASK [Set up core-site.xml] ****************************************************************************************************
2023-11-10 15:58:16,815 p=1981943 u=root n=ansible | changed: [hdfsnn01] => {
    "backup_file": "/usr/lib/hadoop/hadoop-3.3.6//etc/hadoop/core-site.xml.11131.2023-11-10@15:58:16~",
    "changed": true,
    "checksum": "5693daf7247c0b0ccc2606e8aebea93090183ce0",
    "dest": "/usr/lib/hadoop/hadoop-3.3.6//etc/hadoop/core-site.xml",
    "gid": 1000,
    "group": "hadoop",
    "md5sum": "6e57dce8fc1cf8f91ed1b431c4bdcafe",
    "mode": "0644",
    "owner": "hadoop",
    "secontext": "system_u:object_r:lib_t:s0",
    "size": 5808,
    "src": "/root/.ansible/tmp/ansible-tmp-1699631894.9321089-1987000-112127149466113/source",
    "state": "file",
    "uid": 1000
}
2023-11-10 15:58:16,927 p=1981943 u=root n=ansible | changed: [hdfsdn01] => {
    "backup_file": "/usr/lib/hadoop/hadoop-3.3.6//etc/hadoop/core-site.xml.2208.2023-11-10@15:58:16~",
    "changed": true,
    "checksum": "5693daf7247c0b0ccc2606e8aebea93090183ce0",
    "dest": "/usr/lib/hadoop/hadoop-3.3.6//etc/hadoop/core-site.xml",
    "gid": 1000,
    "group": "hadoop",
    "md5sum": "6e57dce8fc1cf8f91ed1b431c4bdcafe",
    "mode": "0644",
    "owner": "hadoop",
    "secontext": "unconfined_u:object_r:lib_t:s0",
    "size": 5808,
    "src": "/root/.ansible/tmp/ansible-tmp-1699631895.043374-1987001-100345214863844/source",
    "state": "file",
    "uid": 1000
}
2023-11-10 15:58:17,084 p=1981943 u=root n=ansible | TASK [Set up hdfs-site.xml] ****************************************************************************************************
2023-11-10 15:58:19,127 p=1981943 u=root n=ansible | changed: [hdfsnn01] => {
    "backup_file": "/usr/lib/hadoop/hadoop-3.3.6//etc/hadoop/hdfs-site.xml.11195.2023-11-10@15:58:18~",
    "changed": true,
    "checksum": "6847cf40fa718f9918c5593820c76e6b93ffecc0",
    "dest": "/usr/lib/hadoop/hadoop-3.3.6//etc/hadoop/hdfs-site.xml",
    "gid": 1000,
    "group": "hadoop",
    "md5sum": "c17d9466567357942409b3164a3b0e8a",
    "mode": "0644",
    "owner": "hadoop",
    "secontext": "unconfined_u:object_r:lib_t:s0",
    "size": 2154,
    "src": "/root/.ansible/tmp/ansible-tmp-1699631897.5462956-1987035-126722004483834/source",
    "state": "file",
    "uid": 1000
}
2023-11-10 15:58:19,430 p=1981943 u=root n=ansible | changed: [hdfsdn01] => {
    "backup_file": "/usr/lib/hadoop/hadoop-3.3.6//etc/hadoop/hdfs-site.xml.2271.2023-11-10@15:58:19~",
    "changed": true,
    "checksum": "6847cf40fa718f9918c5593820c76e6b93ffecc0",
    "dest": "/usr/lib/hadoop/hadoop-3.3.6//etc/hadoop/hdfs-site.xml",
    "gid": 1000,
    "group": "hadoop",
    "md5sum": "c17d9466567357942409b3164a3b0e8a",
    "mode": "0644",
    "owner": "hadoop",
    "secontext": "unconfined_u:object_r:lib_t:s0",
    "size": 2154,
    "src": "/root/.ansible/tmp/ansible-tmp-1699631897.6208098-1987036-144953848515350/source",
    "state": "file",
    "uid": 1000
}
2023-11-10 15:58:19,581 p=1981943 u=root n=ansible | TASK [Set up yarn-site.xml] ****************************************************************************************************
2023-11-10 15:58:22,298 p=1981943 u=root n=ansible | changed: [hdfsdn01] => {
    "backup_file": "/usr/lib/hadoop/hadoop-3.3.6//etc/hadoop/yarn-site.xml.2334.2023-11-10@15:58:22~",
    "changed": true,
    "checksum": "615d1ff71bfb821f2578fec1a9832f2f63bccf06",
    "dest": "/usr/lib/hadoop/hadoop-3.3.6//etc/hadoop/yarn-site.xml",
    "gid": 1000,
    "group": "hadoop",
    "md5sum": "a0276efcf081bbf45c2de28cd425a94e",
    "mode": "0644",
    "owner": "hadoop",
    "secontext": "unconfined_u:object_r:lib_t:s0",
    "size": 5571,
    "src": "/root/.ansible/tmp/ansible-tmp-1699631900.6356122-1987074-263572338252326/source",
    "state": "file",
    "uid": 1000
}
2023-11-10 15:58:22,420 p=1981943 u=root n=ansible | changed: [hdfsnn01] => {
    "backup_file": "/usr/lib/hadoop/hadoop-3.3.6//etc/hadoop/yarn-site.xml.11259.2023-11-10@15:58:22~",
    "changed": true,
    "checksum": "615d1ff71bfb821f2578fec1a9832f2f63bccf06",
    "dest": "/usr/lib/hadoop/hadoop-3.3.6//etc/hadoop/yarn-site.xml",
    "gid": 1000,
    "group": "hadoop",
    "md5sum": "a0276efcf081bbf45c2de28cd425a94e",
    "mode": "0644",
    "owner": "hadoop",
    "secontext": "unconfined_u:object_r:lib_t:s0",
    "size": 5571,
    "src": "/root/.ansible/tmp/ansible-tmp-1699631900.5539336-1987073-20958673705889/source",
    "state": "file",
    "uid": 1000
}
2023-11-10 15:58:22,549 p=1981943 u=root n=ansible | TASK [Set up workers] **********************************************************************************************************
2023-11-10 15:58:24,579 p=1981943 u=root n=ansible | ok: [hdfsnn01] => {
    "changed": false,
    "checksum": "83bc02fe867df20d0f9438a3545a26d281b8c389",
    "dest": "/usr/lib/hadoop/hadoop-3.3.6//etc/hadoop/workers",
    "gid": 1000,
    "group": "hadoop",
    "mode": "0644",
    "owner": "hadoop",
    "path": "/usr/lib/hadoop/hadoop-3.3.6//etc/hadoop/workers",
    "secontext": "unconfined_u:object_r:lib_t:s0",
    "size": 26,
    "state": "file",
    "uid": 1000
}
2023-11-10 15:58:24,663 p=1981943 u=root n=ansible | ok: [hdfsdn01] => {
    "changed": false,
    "checksum": "83bc02fe867df20d0f9438a3545a26d281b8c389",
    "dest": "/usr/lib/hadoop/hadoop-3.3.6//etc/hadoop/workers",
    "gid": 1000,
    "group": "hadoop",
    "mode": "0644",
    "owner": "hadoop",
    "path": "/usr/lib/hadoop/hadoop-3.3.6//etc/hadoop/workers",
    "secontext": "unconfined_u:object_r:lib_t:s0",
    "size": 26,
    "state": "file",
    "uid": 1000
}
2023-11-10 15:58:24,760 p=1981943 u=root n=ansible | TASK [setup firewall ports] ****************************************************************************************************
2023-11-10 15:58:27,062 p=1981943 u=root n=ansible | ok: [hdfsnn01] => {
    "changed": false,
    "checksum": "e2250cd2a9a0b2a0da051559f18178bfb7d88ce2",
    "dest": "/usr/lib/firewalld/services/hadoop.xml",
    "gid": 0,
    "group": "root",
    "mode": "0644",
    "owner": "root",
    "path": "/usr/lib/firewalld/services/hadoop.xml",
    "secontext": "system_u:object_r:lib_t:s0",
    "size": 5197,
    "state": "file",
    "uid": 0
}
2023-11-10 15:58:27,651 p=1981943 u=root n=ansible | ok: [hdfsdn01] => {
    "changed": false,
    "checksum": "e2250cd2a9a0b2a0da051559f18178bfb7d88ce2",
    "dest": "/usr/lib/firewalld/services/hadoop.xml",
    "gid": 0,
    "group": "root",
    "mode": "0644",
    "owner": "root",
    "path": "/usr/lib/firewalld/services/hadoop.xml",
    "secontext": "system_u:object_r:lib_t:s0",
    "size": 5197,
    "state": "file",
    "uid": 0
}
2023-11-10 15:58:27,742 p=1981943 u=root n=ansible | TASK [restart firewalld] *******************************************************************************************************
2023-11-10 15:58:33,961 p=1981943 u=root n=ansible | changed: [hdfsnn01] => {
    "changed": true,
    "enabled": true,
    "name": "firewalld",
    "state": "started",
    "status": {
        "ActiveEnterTimestamp": "Fri 2023-11-10 13:18:00 GMT",
        "ActiveEnterTimestampMonotonic": "1814802268793",
        "ActiveExitTimestamp": "Tue 2023-10-24 16:51:47 BST",
        "ActiveExitTimestampMonotonic": "355229312280",
        "ActiveState": "active",
        "After": "polkit.service dbus.service system.slice basic.target",
        "AllowIsolate": "no",
        "AmbientCapabilities": "0",
        "AssertResult": "yes",
        "AssertTimestamp": "Fri 2023-11-10 13:17:57 GMT",
        "AssertTimestampMonotonic": "1814799558803",
        "Before": "network-pre.target multi-user.target shutdown.target",
        "BlockIOAccounting": "no",
        "BlockIOWeight": "18446744073709551615",
        "BusName": "org.fedoraproject.FirewallD1",
        "CPUAccounting": "no",
        "CPUQuotaPerSecUSec": "infinity",
        "CPUSchedulingPolicy": "0",
        "CPUSchedulingPriority": "0",
        "CPUSchedulingResetOnFork": "no",
        "CPUShares": "18446744073709551615",
        "CanIsolate": "no",
        "CanReload": "yes",
        "CanStart": "yes",
        "CanStop": "yes",
        "CapabilityBoundingSet": "18446744073709551615",
        "CollectMode": "inactive",
        "ConditionResult": "yes",
        "ConditionTimestamp": "Fri 2023-11-10 13:17:57 GMT",
        "ConditionTimestampMonotonic": "1814799558803",
        "Conflicts": "ebtables.service shutdown.target ipset.service iptables.service ip6tables.service",
        "ControlGroup": "/system.slice/firewalld.service",
        "ControlPID": "0",
        "DefaultDependencies": "yes",
        "Delegate": "no",
        "Description": "firewalld - dynamic firewall daemon",
        "DevicePolicy": "auto",
        "Documentation": "man:firewalld(1)",
        "EnvironmentFile": "/etc/sysconfig/firewalld (ignore_errors=yes)",
        "ExecMainCode": "0",
        "ExecMainExitTimestampMonotonic": "0",
        "ExecMainPID": "7947",
        "ExecMainStartTimestamp": "Fri 2023-11-10 13:17:57 GMT",
        "ExecMainStartTimestampMonotonic": "1814799577620",
        "ExecMainStatus": "0",
        "ExecReload": "{ path=/bin/kill ; argv[]=/bin/kill -HUP $MAINPID ; ignore_errors=no ; start_time=[n/a] ; stop_time=[n/a] ; pid=0 ; code=(null) ; status=0/0 }",
        "ExecStart": "{ path=/usr/sbin/firewalld ; argv[]=/usr/sbin/firewalld --nofork --nopid $FIREWALLD_ARGS ; ignore_errors=no ; start_time=[n/a] ; stop_time=[n/a] ; pid=0 ; code=(null) ; status=0/0 }",
        "FailureAction": "none",
        "FileDescriptorStoreMax": "0",
        "FragmentPath": "/usr/lib/systemd/system/firewalld.service",
        "GuessMainPID": "yes",
        "IOScheduling": "0",
        "Id": "firewalld.service",
        "IgnoreOnIsolate": "no",
        "IgnoreOnSnapshot": "no",
        "IgnoreSIGPIPE": "yes",
        "InactiveEnterTimestamp": "Tue 2023-10-24 16:51:47 BST",
        "InactiveEnterTimestampMonotonic": "355229798971",
        "InactiveExitTimestamp": "Fri 2023-11-10 13:17:57 GMT",
        "InactiveExitTimestampMonotonic": "1814799577690",
        "JobTimeoutAction": "none",
        "JobTimeoutUSec": "0",
        "KillMode": "mixed",
        "KillSignal": "15",
        "LimitAS": "18446744073709551615",
        "LimitCORE": "18446744073709551615",
        "LimitCPU": "18446744073709551615",
        "LimitDATA": "18446744073709551615",
        "LimitFSIZE": "18446744073709551615",
        "LimitLOCKS": "18446744073709551615",
        "LimitMEMLOCK": "65536",
        "LimitMSGQUEUE": "819200",
        "LimitNICE": "0",
        "LimitNOFILE": "4096",
        "LimitNPROC": "6680",
        "LimitRSS": "18446744073709551615",
        "LimitRTPRIO": "0",
        "LimitRTTIME": "18446744073709551615",
        "LimitSIGPENDING": "6680",
        "LimitSTACK": "18446744073709551615",
        "LoadState": "loaded",
        "MainPID": "7947",
        "MemoryAccounting": "no",
        "MemoryCurrent": "18446744073709551615",
        "MemoryLimit": "18446744073709551615",
        "MountFlags": "0",
        "Names": "firewalld.service",
        "NeedDaemonReload": "no",
        "Nice": "0",
        "NoNewPrivileges": "no",
        "NonBlocking": "no",
        "NotifyAccess": "none",
        "OOMScoreAdjust": "0",
        "OnFailureJobMode": "replace",
        "PermissionsStartOnly": "no",
        "PrivateDevices": "no",
        "PrivateNetwork": "no",
        "PrivateTmp": "no",
        "ProtectHome": "no",
        "ProtectSystem": "no",
        "RefuseManualStart": "no",
        "RefuseManualStop": "no",
        "RemainAfterExit": "no",
        "Requires": "system.slice basic.target",
        "Restart": "no",
        "RestartUSec": "100ms",
        "Result": "success",
        "RootDirectoryStartOnly": "no",
        "RuntimeDirectoryMode": "0755",
        "SameProcessGroup": "no",
        "SecureBits": "0",
        "SendSIGHUP": "no",
        "SendSIGKILL": "yes",
        "Slice": "system.slice",
        "StandardError": "null",
        "StandardInput": "null",
        "StandardOutput": "null",
        "StartLimitAction": "none",
        "StartLimitBurst": "5",
        "StartLimitInterval": "10000000",
        "StartupBlockIOWeight": "18446744073709551615",
        "StartupCPUShares": "18446744073709551615",
        "StatusErrno": "0",
        "StopWhenUnneeded": "no",
        "SubState": "running",
        "SyslogLevelPrefix": "yes",
        "SyslogPriority": "30",
        "SystemCallErrorNumber": "0",
        "TTYReset": "no",
        "TTYVHangup": "no",
        "TTYVTDisallocate": "no",
        "TasksAccounting": "no",
        "TasksCurrent": "18446744073709551615",
        "TasksMax": "18446744073709551615",
        "TimeoutStartUSec": "1min 30s",
        "TimeoutStopUSec": "1min 30s",
        "TimerSlackNSec": "50000",
        "Transient": "no",
        "Type": "dbus",
        "UMask": "0022",
        "UnitFilePreset": "enabled",
        "UnitFileState": "enabled",
        "WantedBy": "multi-user.target",
        "Wants": "network-pre.target",
        "WatchdogTimestamp": "Fri 2023-11-10 13:18:00 GMT",
        "WatchdogTimestampMonotonic": "1814802268685",
        "WatchdogUSec": "0"
    }
}
2023-11-10 15:59:09,627 p=1981943 u=root n=ansible | changed: [hdfsdn01] => {
    "changed": true,
    "enabled": true,
    "name": "firewalld",
    "state": "started",
    "status": {
        "ActiveEnterTimestamp": "Fri 2023-11-10 13:18:04 GMT",
        "ActiveEnterTimestampMonotonic": "1391774957229",
        "ActiveExitTimestamp": "Tue 2023-11-07 16:17:04 GMT",
        "ActiveExitTimestampMonotonic": "1143314215068",
        "ActiveState": "active",
        "After": "basic.target system.slice dbus.service polkit.service",
        "AllowIsolate": "no",
        "AmbientCapabilities": "0",
        "AssertResult": "yes",
        "AssertTimestamp": "Fri 2023-11-10 13:17:58 GMT",
        "AssertTimestampMonotonic": "1391768563546",
        "Before": "shutdown.target network-pre.target multi-user.target",
        "BlockIOAccounting": "no",
        "BlockIOWeight": "18446744073709551615",
        "BusName": "org.fedoraproject.FirewallD1",
        "CPUAccounting": "no",
        "CPUQuotaPerSecUSec": "infinity",
        "CPUSchedulingPolicy": "0",
        "CPUSchedulingPriority": "0",
        "CPUSchedulingResetOnFork": "no",
        "CPUShares": "18446744073709551615",
        "CanIsolate": "no",
        "CanReload": "yes",
        "CanStart": "yes",
        "CanStop": "yes",
        "CapabilityBoundingSet": "18446744073709551615",
        "CollectMode": "inactive",
        "ConditionResult": "yes",
        "ConditionTimestamp": "Fri 2023-11-10 13:17:58 GMT",
        "ConditionTimestampMonotonic": "1391768563546",
        "Conflicts": "ipset.service shutdown.target iptables.service ebtables.service ip6tables.service",
        "ControlGroup": "/system.slice/firewalld.service",
        "ControlPID": "0",
        "DefaultDependencies": "yes",
        "Delegate": "no",
        "Description": "firewalld - dynamic firewall daemon",
        "DevicePolicy": "auto",
        "Documentation": "man:firewalld(1)",
        "EnvironmentFile": "/etc/sysconfig/firewalld (ignore_errors=yes)",
        "ExecMainCode": "0",
        "ExecMainExitTimestampMonotonic": "0",
        "ExecMainPID": "31901",
        "ExecMainStartTimestamp": "Fri 2023-11-10 13:17:58 GMT",
        "ExecMainStartTimestampMonotonic": "1391768594908",
        "ExecMainStatus": "0",
        "ExecReload": "{ path=/bin/kill ; argv[]=/bin/kill -HUP $MAINPID ; ignore_errors=no ; start_time=[n/a] ; stop_time=[n/a] ; pid=0 ; code=(null) ; status=0/0 }",
        "ExecStart": "{ path=/usr/sbin/firewalld ; argv[]=/usr/sbin/firewalld --nofork --nopid $FIREWALLD_ARGS ; ignore_errors=no ; start_time=[n/a] ; stop_time=[n/a] ; pid=0 ; code=(null) ; status=0/0 }",
        "FailureAction": "none",
        "FileDescriptorStoreMax": "0",
        "FragmentPath": "/usr/lib/systemd/system/firewalld.service",
        "GuessMainPID": "yes",
        "IOScheduling": "0",
        "Id": "firewalld.service",
        "IgnoreOnIsolate": "no",
        "IgnoreOnSnapshot": "no",
        "IgnoreSIGPIPE": "yes",
        "InactiveEnterTimestamp": "Tue 2023-11-07 16:17:31 GMT",
        "InactiveEnterTimestampMonotonic": "1143341394207",
        "InactiveExitTimestamp": "Fri 2023-11-10 13:17:58 GMT",
        "InactiveExitTimestampMonotonic": "1391768594998",
        "JobTimeoutAction": "none",
        "JobTimeoutUSec": "0",
        "KillMode": "mixed",
        "KillSignal": "15",
        "LimitAS": "18446744073709551615",
        "LimitCORE": "18446744073709551615",
        "LimitCPU": "18446744073709551615",
        "LimitDATA": "18446744073709551615",
        "LimitFSIZE": "18446744073709551615",
        "LimitLOCKS": "18446744073709551615",
        "LimitMEMLOCK": "65536",
        "LimitMSGQUEUE": "819200",
        "LimitNICE": "0",
        "LimitNOFILE": "4096",
        "LimitNPROC": "6609",
        "LimitRSS": "18446744073709551615",
        "LimitRTPRIO": "0",
        "LimitRTTIME": "18446744073709551615",
        "LimitSIGPENDING": "6609",
        "LimitSTACK": "18446744073709551615",
        "LoadState": "loaded",
        "MainPID": "31901",
        "MemoryAccounting": "no",
        "MemoryCurrent": "18446744073709551615",
        "MemoryLimit": "18446744073709551615",
        "MountFlags": "0",
        "Names": "firewalld.service",
        "NeedDaemonReload": "no",
        "Nice": "0",
        "NoNewPrivileges": "no",
        "NonBlocking": "no",
        "NotifyAccess": "none",
        "OOMScoreAdjust": "0",
        "OnFailureJobMode": "replace",
        "PermissionsStartOnly": "no",
        "PrivateDevices": "no",
        "PrivateNetwork": "no",
        "PrivateTmp": "no",
        "ProtectHome": "no",
        "ProtectSystem": "no",
        "RefuseManualStart": "no",
        "RefuseManualStop": "no",
        "RemainAfterExit": "no",
        "Requires": "system.slice basic.target",
        "Restart": "no",
        "RestartUSec": "100ms",
        "Result": "success",
        "RootDirectoryStartOnly": "no",
        "RuntimeDirectoryMode": "0755",
        "SameProcessGroup": "no",
        "SecureBits": "0",
        "SendSIGHUP": "no",
        "SendSIGKILL": "yes",
        "Slice": "system.slice",
        "StandardError": "null",
        "StandardInput": "null",
        "StandardOutput": "null",
        "StartLimitAction": "none",
        "StartLimitBurst": "5",
        "StartLimitInterval": "10000000",
        "StartupBlockIOWeight": "18446744073709551615",
        "StartupCPUShares": "18446744073709551615",
        "StatusErrno": "0",
        "StopWhenUnneeded": "no",
        "SubState": "running",
        "SyslogLevelPrefix": "yes",
        "SyslogPriority": "30",
        "SystemCallErrorNumber": "0",
        "TTYReset": "no",
        "TTYVHangup": "no",
        "TTYVTDisallocate": "no",
        "TasksAccounting": "no",
        "TasksCurrent": "18446744073709551615",
        "TasksMax": "18446744073709551615",
        "TimeoutStartUSec": "1min 30s",
        "TimeoutStopUSec": "1min 30s",
        "TimerSlackNSec": "50000",
        "Transient": "no",
        "Type": "dbus",
        "UMask": "0022",
        "UnitFilePreset": "enabled",
        "UnitFileState": "enabled",
        "WantedBy": "multi-user.target",
        "Wants": "network-pre.target",
        "WatchdogTimestamp": "Fri 2023-11-10 13:18:04 GMT",
        "WatchdogTimestampMonotonic": "1391774956992",
        "WatchdogUSec": "0"
    }
}
2023-11-10 15:59:10,196 p=1981943 u=root n=ansible | TASK [Clean Ram Cache] *********************************************************************************************************
2023-11-10 15:59:16,139 p=1981943 u=root n=ansible | changed: [hdfsnn01] => {
    "changed": true,
    "checksum": "77de68daecd823babbb58edb1c8e14d7106e83bb",
    "dest": "/proc/sys/vm/drop_caches",
    "gid": 0,
    "group": "root",
    "md5sum": "eccbc87e4b5ce2fe28308fd9f2a7baf3",
    "mode": "0200",
    "owner": "root",
    "secontext": "system_u:object_r:sysctl_vm_t:s0",
    "size": 0,
    "src": "/root/.ansible/tmp/ansible-tmp-1699631951.3782568-1987442-53923031520411/source",
    "state": "file",
    "uid": 0
}
2023-11-10 15:59:16,598 p=1981943 u=root n=ansible | changed: [hdfsdn01] => {
    "changed": true,
    "checksum": "77de68daecd823babbb58edb1c8e14d7106e83bb",
    "dest": "/proc/sys/vm/drop_caches",
    "gid": 0,
    "group": "root",
    "md5sum": "eccbc87e4b5ce2fe28308fd9f2a7baf3",
    "mode": "0200",
    "owner": "root",
    "secontext": "system_u:object_r:sysctl_vm_t:s0",
    "size": 0,
    "src": "/root/.ansible/tmp/ansible-tmp-1699631951.4490921-1987444-33336576786707/source",
    "state": "file",
    "uid": 0
}
2023-11-10 15:59:16,796 p=1981943 u=root n=ansible | TASK [configure packages] ******************************************************************************************************
2023-11-10 15:59:17,640 p=1981943 u=root n=ansible | included: /home/ansadmin/playbooks/hdfs/tasks/config.yml for hdfsnn01, hdfsdn01
2023-11-10 15:59:17,764 p=1981943 u=root n=ansible | TASK [create link for /usr/lib/hadoop/conf to version] *************************************************************************
2023-11-10 15:59:22,976 p=1981943 u=root n=ansible | ok: [hdfsdn01] => {
    "changed": false,
    "dest": "/etc/hadoop/conf",
    "gid": 0,
    "group": "root",
    "mode": "0777",
    "owner": "root",
    "secontext": "unconfined_u:object_r:etc_t:s0",
    "size": 39,
    "src": "/usr/lib/hadoop/hadoop-3.3.6/etc/hadoop",
    "state": "link",
    "uid": 0
}
2023-11-10 15:59:23,260 p=1981943 u=root n=ansible | ok: [hdfsnn01] => {
    "changed": false,
    "dest": "/etc/hadoop/conf",
    "gid": 0,
    "group": "root",
    "mode": "0777",
    "owner": "root",
    "secontext": "unconfined_u:object_r:etc_t:s0",
    "size": 39,
    "src": "/usr/lib/hadoop/hadoop-3.3.6/etc/hadoop",
    "state": "link",
    "uid": 0
}
2023-11-10 15:59:23,422 p=1981943 u=root n=ansible | TASK [craete link for /lib/zookeeper/conf to version] **************************************************************************
2023-11-10 15:59:23,861 p=1981943 u=root n=ansible | skipping: [hdfsnn01] => {
    "changed": false,
    "skip_reason": "Conditional result was False"
}
2023-11-10 15:59:23,987 p=1981943 u=root n=ansible | skipping: [hdfsdn01] => {
    "changed": false,
    "skip_reason": "Conditional result was False"
}
2023-11-10 15:59:24,300 p=1981943 u=root n=ansible | TASK [update hadoop-env] *******************************************************************************************************
2023-11-10 15:59:26,866 p=1981943 u=root n=ansible | ok: [hdfsnn01] => (item={'regexp': '^# export JAVA_HOME', 'line': 'export JAVA_HOME=/etc/alternatives/jre/'}) => {
    "ansible_loop_var": "item",
    "backup": "",
    "changed": false,
    "item": {
        "line": "export JAVA_HOME=/etc/alternatives/jre/",
        "regexp": "^# export JAVA_HOME"
    }
}
2023-11-10 15:59:27,027 p=1981943 u=root n=ansible | ok: [hdfsdn01] => (item={'regexp': '^# export JAVA_HOME', 'line': 'export JAVA_HOME=/etc/alternatives/jre/'}) => {
    "ansible_loop_var": "item",
    "backup": "",
    "changed": false,
    "item": {
        "line": "export JAVA_HOME=/etc/alternatives/jre/",
        "regexp": "^# export JAVA_HOME"
    }
}
2023-11-10 15:59:27,506 p=1981943 u=root n=ansible | ok: [hdfsnn01] => (item={'regexp': '^# export HADOOP_HOME', 'line': 'export HADOOP_HOME=/usr/lib/hadoop/hadoop-3.3.6/'}) => {
    "ansible_loop_var": "item",
    "backup": "",
    "changed": false,
    "item": {
        "line": "export HADOOP_HOME=/usr/lib/hadoop/hadoop-3.3.6/",
        "regexp": "^# export HADOOP_HOME"
    }
}
2023-11-10 15:59:28,140 p=1981943 u=root n=ansible | ok: [hdfsnn01] => (item={'regexp': '^# export HADOOP_LOG_DIR=', 'line': 'export export HADOOP_LOG_DIR=/var/log/hadoop'}) => {
    "ansible_loop_var": "item",
    "backup": "",
    "changed": false,
    "item": {
        "line": "export export HADOOP_LOG_DIR=/var/log/hadoop",
        "regexp": "^# export HADOOP_LOG_DIR="
    }
}
2023-11-10 15:59:28,202 p=1981943 u=root n=ansible | ok: [hdfsdn01] => (item={'regexp': '^# export HADOOP_HOME', 'line': 'export HADOOP_HOME=/usr/lib/hadoop/hadoop-3.3.6/'}) => {
    "ansible_loop_var": "item",
    "backup": "",
    "changed": false,
    "item": {
        "line": "export HADOOP_HOME=/usr/lib/hadoop/hadoop-3.3.6/",
        "regexp": "^# export HADOOP_HOME"
    }
}
2023-11-10 15:59:28,913 p=1981943 u=root n=ansible | ok: [hdfsnn01] => (item={'regexp': '^# export HADOOP_CONF_DIR', 'line': 'export HADOOP_CONF_DIR=/etc/hadoop/conf'}) => {
    "ansible_loop_var": "item",
    "backup": "",
    "changed": false,
    "item": {
        "line": "export HADOOP_CONF_DIR=/etc/hadoop/conf",
        "regexp": "^# export HADOOP_CONF_DIR"
    }
}
2023-11-10 15:59:28,969 p=1981943 u=root n=ansible | ok: [hdfsdn01] => (item={'regexp': '^# export HADOOP_LOG_DIR=', 'line': 'export export HADOOP_LOG_DIR=/var/log/hadoop'}) => {
    "ansible_loop_var": "item",
    "backup": "",
    "changed": false,
    "item": {
        "line": "export export HADOOP_LOG_DIR=/var/log/hadoop",
        "regexp": "^# export HADOOP_LOG_DIR="
    }
}
2023-11-10 15:59:29,652 p=1981943 u=root n=ansible | ok: [hdfsnn01] => (item={'regexp': '^# HADDOOP_OS_TYPE$', 'line': 'export HADOOP_OS_TYPE=${HADOOP_OS_TYPE:-$(uname -s)}'}) => {
    "ansible_loop_var": "item",
    "backup": "",
    "changed": false,
    "item": {
        "line": "export HADOOP_OS_TYPE=${HADOOP_OS_TYPE:-$(uname -s)}",
        "regexp": "^# HADDOOP_OS_TYPE$"
    }
}
2023-11-10 15:59:29,933 p=1981943 u=root n=ansible | ok: [hdfsdn01] => (item={'regexp': '^# export HADOOP_CONF_DIR', 'line': 'export HADOOP_CONF_DIR=/etc/hadoop/conf'}) => {
    "ansible_loop_var": "item",
    "backup": "",
    "changed": false,
    "item": {
        "line": "export HADOOP_CONF_DIR=/etc/hadoop/conf",
        "regexp": "^# export HADOOP_CONF_DIR"
    }
}
2023-11-10 15:59:30,534 p=1981943 u=root n=ansible | ok: [hdfsnn01] => (item={'regexp': '^# export HADOOP_WORKERS', 'line': 'export HADOOP_WORKERS="${HADOOP_CONF_DIR}/workers"'}) => {
    "ansible_loop_var": "item",
    "backup": "",
    "changed": false,
    "item": {
        "line": "export HADOOP_WORKERS=\"${HADOOP_CONF_DIR}/workers\"",
        "regexp": "^# export HADOOP_WORKERS"
    }
}
2023-11-10 15:59:30,696 p=1981943 u=root n=ansible | ok: [hdfsdn01] => (item={'regexp': '^# HADDOOP_OS_TYPE$', 'line': 'export HADOOP_OS_TYPE=${HADOOP_OS_TYPE:-$(uname -s)}'}) => {
    "ansible_loop_var": "item",
    "backup": "",
    "changed": false,
    "item": {
        "line": "export HADOOP_OS_TYPE=${HADOOP_OS_TYPE:-$(uname -s)}",
        "regexp": "^# HADDOOP_OS_TYPE$"
    }
}
2023-11-10 15:59:31,433 p=1981943 u=root n=ansible | ok: [hdfsdn01] => (item={'regexp': '^# export HADOOP_WORKERS', 'line': 'export HADOOP_WORKERS="${HADOOP_CONF_DIR}/workers"'}) => {
    "ansible_loop_var": "item",
    "backup": "",
    "changed": false,
    "item": {
        "line": "export HADOOP_WORKERS=\"${HADOOP_CONF_DIR}/workers\"",
        "regexp": "^# export HADOOP_WORKERS"
    }
}
2023-11-10 15:59:31,839 p=1981943 u=root n=ansible | ok: [hdfsnn01] => (item={'regexp': '^# export HADOOP_IDENT_STRING=', 'line': 'export HADOOP_IDENT_STRING=$USER'}) => {
    "ansible_loop_var": "item",
    "backup": "",
    "changed": false,
    "item": {
        "line": "export HADOOP_IDENT_STRING=$USER",
        "regexp": "^# export HADOOP_IDENT_STRING="
    }
}
2023-11-10 15:59:33,666 p=1981943 u=root n=ansible | ok: [hdfsdn01] => (item={'regexp': '^# export HADOOP_IDENT_STRING=', 'line': 'export HADOOP_IDENT_STRING=$USER'}) => {
    "ansible_loop_var": "item",
    "backup": "",
    "changed": false,
    "item": {
        "line": "export HADOOP_IDENT_STRING=$USER",
        "regexp": "^# export HADOOP_IDENT_STRING="
    }
}
2023-11-10 15:59:33,708 p=1981943 u=root n=ansible | ok: [hdfsnn01] => (item={'regexp': '^# export HADOOP_STOP_TIMEOUT', 'line': 'export HADOOP_STOP_TIMEOUT=5'}) => {
    "ansible_loop_var": "item",
    "backup": "",
    "changed": false,
    "item": {
        "line": "export HADOOP_STOP_TIMEOUT=5",
        "regexp": "^# export HADOOP_STOP_TIMEOUT"
    }
}
2023-11-10 15:59:36,400 p=1981943 u=root n=ansible | ok: [hdfsdn01] => (item={'regexp': '^# export HADOOP_STOP_TIMEOUT', 'line': 'export HADOOP_STOP_TIMEOUT=5'}) => {
    "ansible_loop_var": "item",
    "backup": "",
    "changed": false,
    "item": {
        "line": "export HADOOP_STOP_TIMEOUT=5",
        "regexp": "^# export HADOOP_STOP_TIMEOUT"
    }
}
2023-11-10 15:59:37,073 p=1981943 u=root n=ansible | ok: [hdfsnn01] => (item={'regexp': '^# export HADOOP_PID_DIR', 'line': 'export HADOOP_PID_DIR=/var/run/hadoop'}) => {
    "ansible_loop_var": "item",
    "backup": "",
    "changed": false,
    "item": {
        "line": "export HADOOP_PID_DIR=/var/run/hadoop",
        "regexp": "^# export HADOOP_PID_DIR"
    }
}
2023-11-10 15:59:37,346 p=1981943 u=root n=ansible | ok: [hdfsdn01] => (item={'regexp': '^# export HADOOP_PID_DIR', 'line': 'export HADOOP_PID_DIR=/var/run/hadoop'}) => {
    "ansible_loop_var": "item",
    "backup": "",
    "changed": false,
    "item": {
        "line": "export HADOOP_PID_DIR=/var/run/hadoop",
        "regexp": "^# export HADOOP_PID_DIR"
    }
}
2023-11-10 15:59:38,325 p=1981943 u=root n=ansible | ok: [hdfsdn01] => (item={'regexp': '^# export HADOOP_ROOT_LOGGER', 'line': 'export HADOOP_ROOT_LOGGER=INFO,console'}) => {
    "ansible_loop_var": "item",
    "backup": "",
    "changed": false,
    "item": {
        "line": "export HADOOP_ROOT_LOGGER=INFO,console",
        "regexp": "^# export HADOOP_ROOT_LOGGER"
    }
}
2023-11-10 15:59:38,362 p=1981943 u=root n=ansible | ok: [hdfsnn01] => (item={'regexp': '^# export HADOOP_ROOT_LOGGER', 'line': 'export HADOOP_ROOT_LOGGER=INFO,console'}) => {
    "ansible_loop_var": "item",
    "backup": "",
    "changed": false,
    "item": {
        "line": "export HADOOP_ROOT_LOGGER=INFO,console",
        "regexp": "^# export HADOOP_ROOT_LOGGER"
    }
}
2023-11-10 15:59:39,235 p=1981943 u=root n=ansible | ok: [hdfsdn01] => (item={'regexp': '^# export HADOOP_DAEMON_ROOT_LOGGER', 'line': 'export HADOOP_DAEMON_ROOT_LOGGER=INFO,RFA'}) => {
    "ansible_loop_var": "item",
    "backup": "",
    "changed": false,
    "item": {
        "line": "export HADOOP_DAEMON_ROOT_LOGGER=INFO,RFA",
        "regexp": "^# export HADOOP_DAEMON_ROOT_LOGGER"
    }
}
2023-11-10 15:59:39,247 p=1981943 u=root n=ansible | ok: [hdfsnn01] => (item={'regexp': '^# export HADOOP_DAEMON_ROOT_LOGGER', 'line': 'export HADOOP_DAEMON_ROOT_LOGGER=INFO,RFA'}) => {
    "ansible_loop_var": "item",
    "backup": "",
    "changed": false,
    "item": {
        "line": "export HADOOP_DAEMON_ROOT_LOGGER=INFO,RFA",
        "regexp": "^# export HADOOP_DAEMON_ROOT_LOGGER"
    }
}
2023-11-10 15:59:39,922 p=1981943 u=root n=ansible | ok: [hdfsdn01] => (item={'regexp': '^# export HADOOP_SECURITY_LOGGER', 'line': 'export HADOOP_SECURITY_LOGGER=INFO,NullAppender'}) => {
    "ansible_loop_var": "item",
    "backup": "",
    "changed": false,
    "item": {
        "line": "export HADOOP_SECURITY_LOGGER=INFO,NullAppender",
        "regexp": "^# export HADOOP_SECURITY_LOGGER"
    }
}
2023-11-10 15:59:40,029 p=1981943 u=root n=ansible | ok: [hdfsnn01] => (item={'regexp': '^# export HADOOP_SECURITY_LOGGER', 'line': 'export HADOOP_SECURITY_LOGGER=INFO,NullAppender'}) => {
    "ansible_loop_var": "item",
    "backup": "",
    "changed": false,
    "item": {
        "line": "export HADOOP_SECURITY_LOGGER=INFO,NullAppender",
        "regexp": "^# export HADOOP_SECURITY_LOGGER"
    }
}
2023-11-10 15:59:40,809 p=1981943 u=root n=ansible | ok: [hdfsnn01] => (item={'regexp': '^# export HADOOP_POLICYFILE', 'line': 'export HADOOP_POLICYFILE="hadoop-policy.xml"'}) => {
    "ansible_loop_var": "item",
    "backup": "",
    "changed": false,
    "item": {
        "line": "export HADOOP_POLICYFILE=\"hadoop-policy.xml\"",
        "regexp": "^# export HADOOP_POLICYFILE"
    }
}
2023-11-10 15:59:40,980 p=1981943 u=root n=ansible | ok: [hdfsdn01] => (item={'regexp': '^# export HADOOP_POLICYFILE', 'line': 'export HADOOP_POLICYFILE="hadoop-policy.xml"'}) => {
    "ansible_loop_var": "item",
    "backup": "",
    "changed": false,
    "item": {
        "line": "export HADOOP_POLICYFILE=\"hadoop-policy.xml\"",
        "regexp": "^# export HADOOP_POLICYFILE"
    }
}
2023-11-10 15:59:41,709 p=1981943 u=root n=ansible | ok: [hdfsnn01] => (item={'regexp': '^# export JSVC_HOME', 'line': 'export JSVC_HOME=/usr/bin'}) => {
    "ansible_loop_var": "item",
    "backup": "",
    "changed": false,
    "item": {
        "line": "export JSVC_HOME=/usr/bin",
        "regexp": "^# export JSVC_HOME"
    }
}
2023-11-10 15:59:42,757 p=1981943 u=root n=ansible | ok: [hdfsdn01] => (item={'regexp': '^# export JSVC_HOME', 'line': 'export JSVC_HOME=/usr/bin'}) => {
    "ansible_loop_var": "item",
    "backup": "",
    "changed": false,
    "item": {
        "line": "export JSVC_HOME=/usr/bin",
        "regexp": "^# export JSVC_HOME"
    }
}
2023-11-10 15:59:43,288 p=1981943 u=root n=ansible | ok: [hdfsnn01] => (item={'regexp': '^# export HADOOP_SECURE_PID_DIR', 'line': 'export HADOOP_SECURE_PID_DIR=${HADOOP_PID_DIR}'}) => {
    "ansible_loop_var": "item",
    "backup": "",
    "changed": false,
    "item": {
        "line": "export HADOOP_SECURE_PID_DIR=${HADOOP_PID_DIR}",
        "regexp": "^# export HADOOP_SECURE_PID_DIR"
    }
}
2023-11-10 15:59:44,244 p=1981943 u=root n=ansible | ok: [hdfsnn01] => (item={'regexp': '^# export HDFS_AUDIT_LOGGER=', 'line': 'export HDFS_AUDIT_LOGGER=INFO,NullAppender'}) => {
    "ansible_loop_var": "item",
    "backup": "",
    "changed": false,
    "item": {
        "line": "export HDFS_AUDIT_LOGGER=INFO,NullAppender",
        "regexp": "^# export HDFS_AUDIT_LOGGER="
    }
}
2023-11-10 15:59:44,271 p=1981943 u=root n=ansible | ok: [hdfsdn01] => (item={'regexp': '^# export HADOOP_SECURE_PID_DIR', 'line': 'export HADOOP_SECURE_PID_DIR=${HADOOP_PID_DIR}'}) => {
    "ansible_loop_var": "item",
    "backup": "",
    "changed": false,
    "item": {
        "line": "export HADOOP_SECURE_PID_DIR=${HADOOP_PID_DIR}",
        "regexp": "^# export HADOOP_SECURE_PID_DIR"
    }
}
2023-11-10 15:59:45,722 p=1981943 u=root n=ansible | ok: [hdfsnn01] => (item={'regexp': '^# export HDFS_NAMENODE_OPTS', 'line': 'export HDFS_NAMENODE_OPTS="-Dhadoop.security.logger=INFO,RFAS"'}) => {
    "ansible_loop_var": "item",
    "backup": "",
    "changed": false,
    "item": {
        "line": "export HDFS_NAMENODE_OPTS=\"-Dhadoop.security.logger=INFO,RFAS\"",
        "regexp": "^# export HDFS_NAMENODE_OPTS"
    }
}
2023-11-10 15:59:45,739 p=1981943 u=root n=ansible | ok: [hdfsdn01] => (item={'regexp': '^# export HDFS_AUDIT_LOGGER=', 'line': 'export HDFS_AUDIT_LOGGER=INFO,NullAppender'}) => {
    "ansible_loop_var": "item",
    "backup": "",
    "changed": false,
    "item": {
        "line": "export HDFS_AUDIT_LOGGER=INFO,NullAppender",
        "regexp": "^# export HDFS_AUDIT_LOGGER="
    }
}
2023-11-10 15:59:46,390 p=1981943 u=root n=ansible | ok: [hdfsnn01] => (item={'regexp': '^# export HDFS_DATANODE_OPTS', 'line': 'export HDFS_DATANODE_OPTS="-Dhadoop.security.logger=ERROR,RFAS"'}) => {
    "ansible_loop_var": "item",
    "backup": "",
    "changed": false,
    "item": {
        "line": "export HDFS_DATANODE_OPTS=\"-Dhadoop.security.logger=ERROR,RFAS\"",
        "regexp": "^# export HDFS_DATANODE_OPTS"
    }
}
2023-11-10 15:59:46,536 p=1981943 u=root n=ansible | ok: [hdfsdn01] => (item={'regexp': '^# export HDFS_NAMENODE_OPTS', 'line': 'export HDFS_NAMENODE_OPTS="-Dhadoop.security.logger=INFO,RFAS"'}) => {
    "ansible_loop_var": "item",
    "backup": "",
    "changed": false,
    "item": {
        "line": "export HDFS_NAMENODE_OPTS=\"-Dhadoop.security.logger=INFO,RFAS\"",
        "regexp": "^# export HDFS_NAMENODE_OPTS"
    }
}
2023-11-10 15:59:47,072 p=1981943 u=root n=ansible | ok: [hdfsnn01] => (item={'regexp': '^# export HDFS_NAMENODE_USER', 'line': 'export HDFS_NAMENODE_USER=hdfs'}) => {
    "ansible_loop_var": "item",
    "backup": "",
    "changed": false,
    "item": {
        "line": "export HDFS_NAMENODE_USER=hdfs",
        "regexp": "^# export HDFS_NAMENODE_USER"
    }
}
2023-11-10 15:59:47,616 p=1981943 u=root n=ansible | ok: [hdfsdn01] => (item={'regexp': '^# export HDFS_DATANODE_OPTS', 'line': 'export HDFS_DATANODE_OPTS="-Dhadoop.security.logger=ERROR,RFAS"'}) => {
    "ansible_loop_var": "item",
    "backup": "",
    "changed": false,
    "item": {
        "line": "export HDFS_DATANODE_OPTS=\"-Dhadoop.security.logger=ERROR,RFAS\"",
        "regexp": "^# export HDFS_DATANODE_OPTS"
    }
}
2023-11-10 15:59:48,304 p=1981943 u=root n=ansible | ok: [hdfsnn01] => (item={'regexp': '^# export HDFS_DATANODE_USER', 'line': 'export HDFS_DATANODE_USER=hdfs'}) => {
    "ansible_loop_var": "item",
    "backup": "",
    "changed": false,
    "item": {
        "line": "export HDFS_DATANODE_USER=hdfs",
        "regexp": "^# export HDFS_DATANODE_USER"
    }
}
2023-11-10 15:59:48,529 p=1981943 u=root n=ansible | ok: [hdfsdn01] => (item={'regexp': '^# export HDFS_NAMENODE_USER', 'line': 'export HDFS_NAMENODE_USER=hdfs'}) => {
    "ansible_loop_var": "item",
    "backup": "",
    "changed": false,
    "item": {
        "line": "export HDFS_NAMENODE_USER=hdfs",
        "regexp": "^# export HDFS_NAMENODE_USER"
    }
}
2023-11-10 15:59:49,420 p=1981943 u=root n=ansible | ok: [hdfsnn01] => (item={'regexp': '^# export HDFS_SECONDARYNAMENODE_USER', 'line': 'export HDFS_SECONDARYNAMENODE_USER=hdfs'}) => {
    "ansible_loop_var": "item",
    "backup": "",
    "changed": false,
    "item": {
        "line": "export HDFS_SECONDARYNAMENODE_USER=hdfs",
        "regexp": "^# export HDFS_SECONDARYNAMENODE_USER"
    }
}
2023-11-10 15:59:49,529 p=1981943 u=root n=ansible | ok: [hdfsdn01] => (item={'regexp': '^# export HDFS_DATANODE_USER', 'line': 'export HDFS_DATANODE_USER=hdfs'}) => {
    "ansible_loop_var": "item",
    "backup": "",
    "changed": false,
    "item": {
        "line": "export HDFS_DATANODE_USER=hdfs",
        "regexp": "^# export HDFS_DATANODE_USER"
    }
}
2023-11-10 15:59:50,534 p=1981943 u=root n=ansible | ok: [hdfsnn01] => (item={'regexp': '^# export HDFS_NFS3_USER', 'line': 'export HDFS_NFS3_USER=hdfs'}) => {
    "ansible_loop_var": "item",
    "backup": "",
    "changed": false,
    "item": {
        "line": "export HDFS_NFS3_USER=hdfs",
        "regexp": "^# export HDFS_NFS3_USER"
    }
}
2023-11-10 15:59:50,953 p=1981943 u=root n=ansible | ok: [hdfsdn01] => (item={'regexp': '^# export HDFS_SECONDARYNAMENODE_USER', 'line': 'export HDFS_SECONDARYNAMENODE_USER=hdfs'}) => {
    "ansible_loop_var": "item",
    "backup": "",
    "changed": false,
    "item": {
        "line": "export HDFS_SECONDARYNAMENODE_USER=hdfs",
        "regexp": "^# export HDFS_SECONDARYNAMENODE_USER"
    }
}
2023-11-10 15:59:51,537 p=1981943 u=root n=ansible | ok: [hdfsnn01] => (item={'regexp': '^# export HDFS_ZKFC_USER', 'line': 'export HDFS_ZKFC_USER=hdfs'}) => {
    "ansible_loop_var": "item",
    "backup": "",
    "changed": false,
    "item": {
        "line": "export HDFS_ZKFC_USER=hdfs",
        "regexp": "^# export HDFS_ZKFC_USER"
    }
}
2023-11-10 15:59:51,877 p=1981943 u=root n=ansible | ok: [hdfsdn01] => (item={'regexp': '^# export HDFS_NFS3_USER', 'line': 'export HDFS_NFS3_USER=hdfs'}) => {
    "ansible_loop_var": "item",
    "backup": "",
    "changed": false,
    "item": {
        "line": "export HDFS_NFS3_USER=hdfs",
        "regexp": "^# export HDFS_NFS3_USER"
    }
}
2023-11-10 15:59:52,693 p=1981943 u=root n=ansible | ok: [hdfsnn01] => (item={'regexp': '^# export HDFS_JOURNALNODE_USER=', 'line': 'export HDFS_JOURNALNODE_USER=hdfs'}) => {
    "ansible_loop_var": "item",
    "backup": "",
    "changed": false,
    "item": {
        "line": "export HDFS_JOURNALNODE_USER=hdfs",
        "regexp": "^# export HDFS_JOURNALNODE_USER="
    }
}
2023-11-10 15:59:53,104 p=1981943 u=root n=ansible | ok: [hdfsdn01] => (item={'regexp': '^# export HDFS_ZKFC_USER', 'line': 'export HDFS_ZKFC_USER=hdfs'}) => {
    "ansible_loop_var": "item",
    "backup": "",
    "changed": false,
    "item": {
        "line": "export HDFS_ZKFC_USER=hdfs",
        "regexp": "^# export HDFS_ZKFC_USER"
    }
}
2023-11-10 15:59:54,080 p=1981943 u=root n=ansible | ok: [hdfsdn01] => (item={'regexp': '^# export HDFS_JOURNALNODE_USER=', 'line': 'export HDFS_JOURNALNODE_USER=hdfs'}) => {
    "ansible_loop_var": "item",
    "backup": "",
    "changed": false,
    "item": {
        "line": "export HDFS_JOURNALNODE_USER=hdfs",
        "regexp": "^# export HDFS_JOURNALNODE_USER="
    }
}
2023-11-10 15:59:54,237 p=1981943 u=root n=ansible | TASK [update yarn-env] *********************************************************************************************************
2023-11-10 15:59:55,299 p=1981943 u=root n=ansible | ok: [hdfsnn01] => (item={'regexp': '^# export JAVA_HOME=', 'line': 'export JAVA_HOME=/etc/alternatives/jre/'}) => {
    "ansible_loop_var": "item",
    "backup": "",
    "changed": false,
    "item": {
        "line": "export JAVA_HOME=/etc/alternatives/jre/",
        "regexp": "^# export JAVA_HOME="
    }
}
2023-11-10 15:59:55,667 p=1981943 u=root n=ansible | ok: [hdfsdn01] => (item={'regexp': '^# export JAVA_HOME=', 'line': 'export JAVA_HOME=/etc/alternatives/jre/'}) => {
    "ansible_loop_var": "item",
    "backup": "",
    "changed": false,
    "item": {
        "line": "export JAVA_HOME=/etc/alternatives/jre/",
        "regexp": "^# export JAVA_HOME="
    }
}
2023-11-10 15:59:56,039 p=1981943 u=root n=ansible | ok: [hdfsnn01] => (item={'regexp': '^# export HADOOP_HOME=', 'line': 'export HADOOP_HOME=/usr/lib/hadoop/hadoop-3.3.6/'}) => {
    "ansible_loop_var": "item",
    "backup": "",
    "changed": false,
    "item": {
        "line": "export HADOOP_HOME=/usr/lib/hadoop/hadoop-3.3.6/",
        "regexp": "^# export HADOOP_HOME="
    }
}
2023-11-10 15:59:56,697 p=1981943 u=root n=ansible | ok: [hdfsnn01] => (item={'regexp': '^# export HADOOP_CONF_DIR=', 'line': 'export HADOOP_CONF_DIR=/etc/hadoop/conf'}) => {
    "ansible_loop_var": "item",
    "backup": "",
    "changed": false,
    "item": {
        "line": "export HADOOP_CONF_DIR=/etc/hadoop/conf",
        "regexp": "^# export HADOOP_CONF_DIR="
    }
}
2023-11-10 15:59:56,906 p=1981943 u=root n=ansible | ok: [hdfsdn01] => (item={'regexp': '^# export HADOOP_HOME=', 'line': 'export HADOOP_HOME=/usr/lib/hadoop/hadoop-3.3.6/'}) => {
    "ansible_loop_var": "item",
    "backup": "",
    "changed": false,
    "item": {
        "line": "export HADOOP_HOME=/usr/lib/hadoop/hadoop-3.3.6/",
        "regexp": "^# export HADOOP_HOME="
    }
}
2023-11-10 15:59:57,516 p=1981943 u=root n=ansible | ok: [hdfsnn01] => (item={'regexp': '^# export YARN_RESOURCEMANAGER_OPTS=', 'line': 'export YARN_RESOURCEMANAGER_OPTS="-Drm.audit.logger=INFO,RMAUDIT"'}) => {
    "ansible_loop_var": "item",
    "backup": "",
    "changed": false,
    "item": {
        "line": "export YARN_RESOURCEMANAGER_OPTS=\"-Drm.audit.logger=INFO,RMAUDIT\"",
        "regexp": "^# export YARN_RESOURCEMANAGER_OPTS="
    }
}
2023-11-10 15:59:57,968 p=1981943 u=root n=ansible | ok: [hdfsdn01] => (item={'regexp': '^# export HADOOP_CONF_DIR=', 'line': 'export HADOOP_CONF_DIR=/etc/hadoop/conf'}) => {
    "ansible_loop_var": "item",
    "backup": "",
    "changed": false,
    "item": {
        "line": "export HADOOP_CONF_DIR=/etc/hadoop/conf",
        "regexp": "^# export HADOOP_CONF_DIR="
    }
}
2023-11-10 15:59:58,944 p=1981943 u=root n=ansible | ok: [hdfsdn01] => (item={'regexp': '^# export YARN_RESOURCEMANAGER_OPTS=', 'line': 'export YARN_RESOURCEMANAGER_OPTS="-Drm.audit.logger=INFO,RMAUDIT"'}) => {
    "ansible_loop_var": "item",
    "backup": "",
    "changed": false,
    "item": {
        "line": "export YARN_RESOURCEMANAGER_OPTS=\"-Drm.audit.logger=INFO,RMAUDIT\"",
        "regexp": "^# export YARN_RESOURCEMANAGER_OPTS="
    }
}
2023-11-10 15:59:59,116 p=1981943 u=root n=ansible | TASK [update mapred-env] *******************************************************************************************************
2023-11-10 16:00:00,290 p=1981943 u=root n=ansible | ok: [hdfsnn01] => (item={'regexp': '^# export JAVA_HOME=', 'line': 'export JAVA_HOME=/etc/alternatives/jre/'}) => {
    "ansible_loop_var": "item",
    "backup": "",
    "changed": false,
    "item": {
        "line": "export JAVA_HOME=/etc/alternatives/jre/",
        "regexp": "^# export JAVA_HOME="
    }
}
2023-11-10 16:00:00,625 p=1981943 u=root n=ansible | ok: [hdfsdn01] => (item={'regexp': '^# export JAVA_HOME=', 'line': 'export JAVA_HOME=/etc/alternatives/jre/'}) => {
    "ansible_loop_var": "item",
    "backup": "",
    "changed": false,
    "item": {
        "line": "export JAVA_HOME=/etc/alternatives/jre/",
        "regexp": "^# export JAVA_HOME="
    }
}
2023-11-10 16:00:00,938 p=1981943 u=root n=ansible | ok: [hdfsnn01] => (item={'regexp': '^# export HADOOP_HOME=', 'line': 'export HADOOP_HOME=/usr/lib/hadoop/hadoop-3.3.6/'}) => {
    "ansible_loop_var": "item",
    "backup": "",
    "changed": false,
    "item": {
        "line": "export HADOOP_HOME=/usr/lib/hadoop/hadoop-3.3.6/",
        "regexp": "^# export HADOOP_HOME="
    }
}
2023-11-10 16:00:01,741 p=1981943 u=root n=ansible | ok: [hdfsdn01] => (item={'regexp': '^# export HADOOP_HOME=', 'line': 'export HADOOP_HOME=/usr/lib/hadoop/hadoop-3.3.6/'}) => {
    "ansible_loop_var": "item",
    "backup": "",
    "changed": false,
    "item": {
        "line": "export HADOOP_HOME=/usr/lib/hadoop/hadoop-3.3.6/",
        "regexp": "^# export HADOOP_HOME="
    }
}
2023-11-10 16:00:02,867 p=1981943 u=root n=ansible | ok: [hdfsnn01] => (item={'regexp': '^export HADOOP_LOG_DIR=', 'line': 'export HADOOP_LOG_DIR=/var/log/hadoop'}) => {
    "ansible_loop_var": "item",
    "backup": "",
    "changed": false,
    "item": {
        "line": "export HADOOP_LOG_DIR=/var/log/hadoop",
        "regexp": "^export HADOOP_LOG_DIR="
    }
}
2023-11-10 16:00:03,512 p=1981943 u=root n=ansible | ok: [hdfsnn01] => (item={'regexp': '^# export HADOOP_CONF_DIR=', 'line': 'export HADOOP_CONF_DIR=/etc/hadoop/conf'}) => {
    "ansible_loop_var": "item",
    "backup": "",
    "changed": false,
    "item": {
        "line": "export HADOOP_CONF_DIR=/etc/hadoop/conf",
        "regexp": "^# export HADOOP_CONF_DIR="
    }
}
2023-11-10 16:00:03,937 p=1981943 u=root n=ansible | ok: [hdfsdn01] => (item={'regexp': '^export HADOOP_LOG_DIR=', 'line': 'export HADOOP_LOG_DIR=/var/log/hadoop'}) => {
    "ansible_loop_var": "item",
    "backup": "",
    "changed": false,
    "item": {
        "line": "export HADOOP_LOG_DIR=/var/log/hadoop",
        "regexp": "^export HADOOP_LOG_DIR="
    }
}
2023-11-10 16:00:04,722 p=1981943 u=root n=ansible | ok: [hdfsnn01] => (item={'regexp': '^# export HADOOP_MAPRED_IDENT_STRING=', 'line': 'export HADOOP_MAPRED_IDENT_STRING=$USER'}) => {
    "ansible_loop_var": "item",
    "backup": "",
    "changed": false,
    "item": {
        "line": "export HADOOP_MAPRED_IDENT_STRING=$USER",
        "regexp": "^# export HADOOP_MAPRED_IDENT_STRING="
    }
}
2023-11-10 16:00:05,133 p=1981943 u=root n=ansible | ok: [hdfsdn01] => (item={'regexp': '^# export HADOOP_CONF_DIR=', 'line': 'export HADOOP_CONF_DIR=/etc/hadoop/conf'}) => {
    "ansible_loop_var": "item",
    "backup": "",
    "changed": false,
    "item": {
        "line": "export HADOOP_CONF_DIR=/etc/hadoop/conf",
        "regexp": "^# export HADOOP_CONF_DIR="
    }
}
2023-11-10 16:00:05,719 p=1981943 u=root n=ansible | ok: [hdfsnn01] => (item={'regexp': '^# export HADOOP_MAPRED_PID_DIR=', 'line': 'export HADOOP_MAPRED_PID_DIR=/var/run/hadoop-mapred'}) => {
    "ansible_loop_var": "item",
    "backup": "",
    "changed": false,
    "item": {
        "line": "export HADOOP_MAPRED_PID_DIR=/var/run/hadoop-mapred",
        "regexp": "^# export HADOOP_MAPRED_PID_DIR="
    }
}
2023-11-10 16:00:06,258 p=1981943 u=root n=ansible | ok: [hdfsdn01] => (item={'regexp': '^# export HADOOP_MAPRED_IDENT_STRING=', 'line': 'export HADOOP_MAPRED_IDENT_STRING=$USER'}) => {
    "ansible_loop_var": "item",
    "backup": "",
    "changed": false,
    "item": {
        "line": "export HADOOP_MAPRED_IDENT_STRING=$USER",
        "regexp": "^# export HADOOP_MAPRED_IDENT_STRING="
    }
}
2023-11-10 16:00:06,565 p=1981943 u=root n=ansible | ok: [hdfsnn01] => (item={'regexp': '^# export HADOOP_MAPRED_ROOT_LOGGER=', 'line': 'export HADOOP_MAPRED_ROOT_LOGGER=INFO,RFA'}) => {
    "ansible_loop_var": "item",
    "backup": "",
    "changed": false,
    "item": {
        "line": "export HADOOP_MAPRED_ROOT_LOGGER=INFO,RFA",
        "regexp": "^# export HADOOP_MAPRED_ROOT_LOGGER="
    }
}
2023-11-10 16:00:07,200 p=1981943 u=root n=ansible | ok: [hdfsdn01] => (item={'regexp': '^# export HADOOP_MAPRED_PID_DIR=', 'line': 'export HADOOP_MAPRED_PID_DIR=/var/run/hadoop-mapred'}) => {
    "ansible_loop_var": "item",
    "backup": "",
    "changed": false,
    "item": {
        "line": "export HADOOP_MAPRED_PID_DIR=/var/run/hadoop-mapred",
        "regexp": "^# export HADOOP_MAPRED_PID_DIR="
    }
}
2023-11-10 16:00:07,849 p=1981943 u=root n=ansible | ok: [hdfsnn01] => (item={'regexp': '^# export HADOOP_JHS_LOGGER=', 'line': 'export HADOOP_JHS_LOGGER=INFO,RFA'}) => {
    "ansible_loop_var": "item",
    "backup": "",
    "changed": false,
    "item": {
        "line": "export HADOOP_JHS_LOGGER=INFO,RFA",
        "regexp": "^# export HADOOP_JHS_LOGGER="
    }
}
2023-11-10 16:00:08,040 p=1981943 u=root n=ansible | ok: [hdfsdn01] => (item={'regexp': '^# export HADOOP_MAPRED_ROOT_LOGGER=', 'line': 'export HADOOP_MAPRED_ROOT_LOGGER=INFO,RFA'}) => {
    "ansible_loop_var": "item",
    "backup": "",
    "changed": false,
    "item": {
        "line": "export HADOOP_MAPRED_ROOT_LOGGER=INFO,RFA",
        "regexp": "^# export HADOOP_MAPRED_ROOT_LOGGER="
    }
}
2023-11-10 16:00:08,609 p=1981943 u=root n=ansible | ok: [hdfsdn01] => (item={'regexp': '^# export HADOOP_JHS_LOGGER=', 'line': 'export HADOOP_JHS_LOGGER=INFO,RFA'}) => {
    "ansible_loop_var": "item",
    "backup": "",
    "changed": false,
    "item": {
        "line": "export HADOOP_JHS_LOGGER=INFO,RFA",
        "regexp": "^# export HADOOP_JHS_LOGGER="
    }
}
2023-11-10 16:00:08,722 p=1981943 u=root n=ansible | TASK [log4j.properties] ********************************************************************************************************
2023-11-10 16:00:09,831 p=1981943 u=root n=ansible | ok: [hdfsnn01] => (item={'regexp': '^hadoop.log.dir=', 'line': 'hadoop.log.dir=/var/log/hadoop'}) => {
    "ansible_loop_var": "item",
    "backup": "",
    "changed": false,
    "item": {
        "line": "hadoop.log.dir=/var/log/hadoop",
        "regexp": "^hadoop.log.dir="
    }
}
2023-11-10 16:00:10,152 p=1981943 u=root n=ansible | ok: [hdfsdn01] => (item={'regexp': '^hadoop.log.dir=', 'line': 'hadoop.log.dir=/var/log/hadoop'}) => {
    "ansible_loop_var": "item",
    "backup": "",
    "changed": false,
    "item": {
        "line": "hadoop.log.dir=/var/log/hadoop",
        "regexp": "^hadoop.log.dir="
    }
}
2023-11-10 16:00:10,304 p=1981943 u=root n=ansible | TASK [update core-site.xml] ****************************************************************************************************
2023-11-10 16:00:13,206 p=1981943 u=root n=ansible | changed: [hdfsnn01] => {
    "backup_file": "/etc/hadoop/conf/core-site.xml.12011.2023-11-10@16:00:12~",
    "changed": true,
    "checksum": "6db564c65720229a704bbd4cbb051f2161f2cbca",
    "dest": "/etc/hadoop/conf/core-site.xml",
    "gid": 1000,
    "group": "hadoop",
    "md5sum": "6efceb57faa8ccefc6d75405e03c93f2",
    "mode": "0644",
    "owner": "hadoop",
    "secontext": "system_u:object_r:lib_t:s0",
    "size": 6201,
    "src": "/root/.ansible/tmp/ansible-tmp-1699632011.1824589-1987900-78695935285102/source",
    "state": "file",
    "uid": 1000
}
2023-11-10 16:00:13,664 p=1981943 u=root n=ansible | changed: [hdfsdn01] => {
    "backup_file": "/etc/hadoop/conf/core-site.xml.3087.2023-11-10@16:00:13~",
    "changed": true,
    "checksum": "6db564c65720229a704bbd4cbb051f2161f2cbca",
    "dest": "/etc/hadoop/conf/core-site.xml",
    "gid": 1000,
    "group": "hadoop",
    "md5sum": "6efceb57faa8ccefc6d75405e03c93f2",
    "mode": "0644",
    "owner": "hadoop",
    "secontext": "unconfined_u:object_r:lib_t:s0",
    "size": 6201,
    "src": "/root/.ansible/tmp/ansible-tmp-1699632011.3446915-1987901-134457353100262/source",
    "state": "file",
    "uid": 1000
}
2023-11-10 16:00:13,776 p=1981943 u=root n=ansible | TASK [update hdfssite.xml] *****************************************************************************************************
2023-11-10 16:00:16,798 p=1981943 u=root n=ansible | changed: [hdfsnn01] => {
    "backup_file": "/etc/hadoop/conf/hdfs-site.xml.12074.2023-11-10@16:00:16~",
    "changed": true,
    "checksum": "7a9694a8c66d7f923a1e2af06108c0aed5edd0bc",
    "dest": "/etc/hadoop/conf/hdfs-site.xml",
    "gid": 1000,
    "group": "hadoop",
    "md5sum": "a77ae46e8b87549cca38d81eaf533012",
    "mode": "0644",
    "owner": "hdfs",
    "secontext": "unconfined_u:object_r:lib_t:s0",
    "size": 5146,
    "src": "/root/.ansible/tmp/ansible-tmp-1699632014.3806272-1987937-280936922647384/source",
    "state": "file",
    "uid": 1001
}
2023-11-10 16:00:17,683 p=1981943 u=root n=ansible | changed: [hdfsdn01] => {
    "backup_file": "/etc/hadoop/conf/hdfs-site.xml.3150.2023-11-10@16:00:17~",
    "changed": true,
    "checksum": "7a9694a8c66d7f923a1e2af06108c0aed5edd0bc",
    "dest": "/etc/hadoop/conf/hdfs-site.xml",
    "gid": 1000,
    "group": "hadoop",
    "md5sum": "a77ae46e8b87549cca38d81eaf533012",
    "mode": "0644",
    "owner": "hdfs",
    "secontext": "unconfined_u:object_r:lib_t:s0",
    "size": 5146,
    "src": "/root/.ansible/tmp/ansible-tmp-1699632014.6377246-1987939-60003090770388/source",
    "state": "file",
    "uid": 1001
}
2023-11-10 16:00:17,805 p=1981943 u=root n=ansible | TASK [update yarn-site.xml] ****************************************************************************************************
2023-11-10 16:00:20,612 p=1981943 u=root n=ansible | changed: [hdfsnn01] => {
    "backup_file": "/etc/hadoop/conf/yarn-site.xml.12138.2023-11-10@16:00:20~",
    "changed": true,
    "checksum": "345b62e5c74b3620022f59075613c68321f38f8a",
    "dest": "/etc/hadoop/conf/yarn-site.xml",
    "gid": 1000,
    "group": "hadoop",
    "md5sum": "1bdf87f300eb5a394d3e9584dbac597b",
    "mode": "0644",
    "owner": "yarn",
    "secontext": "unconfined_u:object_r:lib_t:s0",
    "size": 6374,
    "src": "/root/.ansible/tmp/ansible-tmp-1699632018.494677-1987978-63532909534992/source",
    "state": "file",
    "uid": 1002
}
2023-11-10 16:00:21,128 p=1981943 u=root n=ansible | changed: [hdfsdn01] => {
    "backup_file": "/etc/hadoop/conf/yarn-site.xml.3213.2023-11-10@16:00:20~",
    "changed": true,
    "checksum": "345b62e5c74b3620022f59075613c68321f38f8a",
    "dest": "/etc/hadoop/conf/yarn-site.xml",
    "gid": 1000,
    "group": "hadoop",
    "md5sum": "1bdf87f300eb5a394d3e9584dbac597b",
    "mode": "0644",
    "owner": "yarn",
    "secontext": "unconfined_u:object_r:lib_t:s0",
    "size": 6374,
    "src": "/root/.ansible/tmp/ansible-tmp-1699632018.640481-1987983-182146621093220/source",
    "state": "file",
    "uid": 1002
}
2023-11-10 16:00:21,214 p=1981943 u=root n=ansible | TASK [update mapred-site.xml] **************************************************************************************************
2023-11-10 16:00:25,243 p=1981943 u=root n=ansible | ok: [hdfsdn01] => {
    "changed": false,
    "checksum": "170b963d8b2fd2cdc7bf95c7dabc0abb14ce61de",
    "dest": "/etc/hadoop/conf/mapred-site.xml",
    "gid": 1000,
    "group": "hadoop",
    "mode": "0644",
    "owner": "mapred",
    "path": "/etc/hadoop/conf/mapred-site.xml",
    "secontext": "unconfined_u:object_r:lib_t:s0",
    "size": 3178,
    "state": "file",
    "uid": 1003
}
2023-11-10 16:00:25,367 p=1981943 u=root n=ansible | ok: [hdfsnn01] => {
    "changed": false,
    "checksum": "170b963d8b2fd2cdc7bf95c7dabc0abb14ce61de",
    "dest": "/etc/hadoop/conf/mapred-site.xml",
    "gid": 1000,
    "group": "hadoop",
    "mode": "0644",
    "owner": "mapred",
    "path": "/etc/hadoop/conf/mapred-site.xml",
    "secontext": "unconfined_u:object_r:lib_t:s0",
    "size": 3178,
    "state": "file",
    "uid": 1003
}
2023-11-10 16:00:25,533 p=1981943 u=root n=ansible | TASK [update krb5.conf] ********************************************************************************************************
2023-11-10 16:00:28,386 p=1981943 u=root n=ansible | ok: [hdfsnn01] => {
    "changed": false,
    "checksum": "f6a0b2a856073d48d31497a596586bee95087bb7",
    "dest": "/etc/krb5.conf",
    "gid": 0,
    "group": "root",
    "mode": "0644",
    "owner": "root",
    "path": "/etc/krb5.conf",
    "secontext": "system_u:object_r:krb5_conf_t:s0",
    "size": 1151,
    "state": "file",
    "uid": 0
}
2023-11-10 16:00:28,568 p=1981943 u=root n=ansible | ok: [hdfsdn01] => {
    "changed": false,
    "checksum": "f6a0b2a856073d48d31497a596586bee95087bb7",
    "dest": "/etc/krb5.conf",
    "gid": 0,
    "group": "root",
    "mode": "0644",
    "owner": "root",
    "path": "/etc/krb5.conf",
    "secontext": "system_u:object_r:krb5_conf_t:s0",
    "size": 1151,
    "state": "file",
    "uid": 0
}
2023-11-10 16:00:28,652 p=1981943 u=root n=ansible | TASK [myid] ********************************************************************************************************************
2023-11-10 16:00:28,895 p=1981943 u=root n=ansible | ok: [hdfsnn01] => {
    "myid": "VARIABLE IS NOT DEFINED!: 'myid' is undefined. 'myid' is undefined"
}
2023-11-10 16:00:29,068 p=1981943 u=root n=ansible | ok: [hdfsdn01] => {
    "myid": "VARIABLE IS NOT DEFINED!: 'myid' is undefined. 'myid' is undefined"
}
2023-11-10 16:00:29,205 p=1981943 u=root n=ansible | TASK [set fact] ****************************************************************************************************************
2023-11-10 16:00:29,471 p=1981943 u=root n=ansible | ok: [hdfsnn01] => {
    "ansible_facts": {
        "myid": "1"
    },
    "changed": false
}
2023-11-10 16:00:29,608 p=1981943 u=root n=ansible | ok: [hdfsdn01] => {
    "ansible_facts": {
        "myid": "1"
    },
    "changed": false
}
2023-11-10 16:00:29,689 p=1981943 u=root n=ansible | TASK [myid] ********************************************************************************************************************
2023-11-10 16:00:29,924 p=1981943 u=root n=ansible | ok: [hdfsnn01] => {
    "myid": "1"
}
2023-11-10 16:00:30,070 p=1981943 u=root n=ansible | ok: [hdfsdn01] => {
    "myid": "1"
}
2023-11-10 16:00:30,169 p=1981943 u=root n=ansible | TASK [Create server myid files] ************************************************************************************************
2023-11-10 16:00:30,600 p=1981943 u=root n=ansible | skipping: [hdfsnn01] => {
    "changed": false,
    "skip_reason": "Conditional result was False"
}
2023-11-10 16:00:30,694 p=1981943 u=root n=ansible | skipping: [hdfsdn01] => {
    "changed": false,
    "skip_reason": "Conditional result was False"
}
2023-11-10 16:00:30,805 p=1981943 u=root n=ansible | TASK [shell id to myid] ********************************************************************************************************
2023-11-10 16:00:31,118 p=1981943 u=root n=ansible | skipping: [hdfsnn01] => {
    "changed": false,
    "skip_reason": "Conditional result was False"
}
2023-11-10 16:00:31,220 p=1981943 u=root n=ansible | skipping: [hdfsdn01] => {
    "changed": false,
    "skip_reason": "Conditional result was False"
}
2023-11-10 16:00:31,337 p=1981943 u=root n=ansible | TASK [check if zoo.cfg exists] *************************************************************************************************
2023-11-10 16:00:31,793 p=1981943 u=root n=ansible | skipping: [hdfsnn01] => {
    "changed": false,
    "skip_reason": "Conditional result was False"
}
2023-11-10 16:00:31,887 p=1981943 u=root n=ansible | skipping: [hdfsdn01] => {
    "changed": false,
    "skip_reason": "Conditional result was False"
}
2023-11-10 16:00:31,977 p=1981943 u=root n=ansible | TASK [create zoo.cfg] **********************************************************************************************************
2023-11-10 16:00:32,400 p=1981943 u=root n=ansible | skipping: [hdfsnn01] => {
    "changed": false,
    "skip_reason": "Conditional result was False"
}
2023-11-10 16:00:32,531 p=1981943 u=root n=ansible | skipping: [hdfsdn01] => {
    "changed": false,
    "skip_reason": "Conditional result was False"
}
2023-11-10 16:00:32,616 p=1981943 u=root n=ansible | TASK [populate zookeeper conf file with config] ********************************************************************************
2023-11-10 16:00:32,931 p=1981943 u=root n=ansible | skipping: [hdfsnn01] => {
    "changed": false,
    "skip_reason": "Conditional result was False"
}
2023-11-10 16:00:33,056 p=1981943 u=root n=ansible | skipping: [hdfsdn01] => {
    "changed": false,
    "skip_reason": "Conditional result was False"
}
2023-11-10 16:00:33,206 p=1981943 u=root n=ansible | TASK [zookeeper service file] **************************************************************************************************
2023-11-10 16:00:33,610 p=1981943 u=root n=ansible | skipping: [hdfsnn01] => {
    "changed": false,
    "skip_reason": "Conditional result was False"
}
2023-11-10 16:00:33,752 p=1981943 u=root n=ansible | skipping: [hdfsdn01] => {
    "changed": false,
    "skip_reason": "Conditional result was False"
}
2023-11-10 16:00:33,835 p=1981943 u=root n=ansible | TASK [create zookeeper enviroment file] ****************************************************************************************
2023-11-10 16:00:34,181 p=1981943 u=root n=ansible | skipping: [hdfsnn01] => {
    "changed": false,
    "skip_reason": "Conditional result was False"
}
2023-11-10 16:00:34,304 p=1981943 u=root n=ansible | skipping: [hdfsdn01] => {
    "changed": false,
    "skip_reason": "Conditional result was False"
}
2023-11-10 16:00:34,522 p=1981943 u=root n=ansible | TASK [zookeeper enviroment file] ***********************************************************************************************
2023-11-10 16:00:34,987 p=1981943 u=root n=ansible | skipping: [hdfsnn01] => {
    "changed": false,
    "skip_reason": "Conditional result was False"
}
2023-11-10 16:00:35,134 p=1981943 u=root n=ansible | skipping: [hdfsdn01] => {
    "changed": false,
    "skip_reason": "Conditional result was False"
}
2023-11-10 16:00:35,223 p=1981943 u=root n=ansible | TASK [Install logback file] ****************************************************************************************************
2023-11-10 16:00:35,569 p=1981943 u=root n=ansible | skipping: [hdfsnn01] => {
    "changed": false,
    "skip_reason": "Conditional result was False"
}
2023-11-10 16:00:35,678 p=1981943 u=root n=ansible | skipping: [hdfsdn01] => {
    "changed": false,
    "skip_reason": "Conditional result was False"
}
2023-11-10 16:00:35,771 p=1981943 u=root n=ansible | TASK [Install logback-test file] ***********************************************************************************************
2023-11-10 16:00:36,119 p=1981943 u=root n=ansible | skipping: [hdfsnn01] => {
    "changed": false,
    "skip_reason": "Conditional result was False"
}
2023-11-10 16:00:36,210 p=1981943 u=root n=ansible | skipping: [hdfsdn01] => {
    "changed": false,
    "skip_reason": "Conditional result was False"
}
2023-11-10 16:00:36,344 p=1981943 u=root n=ansible | TASK [Copy rack configuration file] ********************************************************************************************
2023-11-10 16:00:36,743 p=1981943 u=root n=ansible | skipping: [hdfsnn01] => {
    "changed": false,
    "skip_reason": "Conditional result was False"
}
2023-11-10 16:00:36,860 p=1981943 u=root n=ansible | skipping: [hdfsdn01] => {
    "changed": false,
    "skip_reason": "Conditional result was False"
}
2023-11-10 16:00:36,949 p=1981943 u=root n=ansible | TASK [reload systemd deamon] ***************************************************************************************************
2023-11-10 16:00:42,516 p=1981943 u=root n=ansible | ok: [hdfsnn01] => {
    "changed": false,
    "name": null,
    "status": {}
}
2023-11-10 16:00:43,946 p=1981943 u=root n=ansible | ok: [hdfsdn01] => {
    "changed": false,
    "name": null,
    "status": {}
}
2023-11-10 16:00:44,083 p=1981943 u=root n=ansible | TASK [enable zookeeper service] ************************************************************************************************
2023-11-10 16:00:44,490 p=1981943 u=root n=ansible | skipping: [hdfsnn01] => {
    "changed": false,
    "skip_reason": "Conditional result was False"
}
2023-11-10 16:00:44,580 p=1981943 u=root n=ansible | skipping: [hdfsdn01] => {
    "changed": false,
    "skip_reason": "Conditional result was False"
}
2023-11-10 16:00:44,657 p=1981943 u=root n=ansible | TASK [set enviroment variables] ************************************************************************************************
2023-11-10 16:00:45,134 p=1981943 u=root n=ansible | included: /home/ansadmin/playbooks/hdfs/tasks/env.yml for hdfsnn01, hdfsdn01
2023-11-10 16:00:45,264 p=1981943 u=root n=ansible | TASK [update hadoop home] ******************************************************************************************************
2023-11-10 16:00:46,376 p=1981943 u=root n=ansible | changed: [hdfsnn01] => (item={'regexp': '^export HADOOP_HOME', 'line': 'export HADOOP_HOME=/usr/lib/hadoop/hadoop-3.3.6//'}) => {
    "ansible_loop_var": "item",
    "backup": "/etc/profile.d/hadoop.sh.12292.2023-11-10@16:00:46~",
    "changed": true,
    "item": {
        "line": "export HADOOP_HOME=/usr/lib/hadoop/hadoop-3.3.6//",
        "regexp": "^export HADOOP_HOME"
    }
}

MSG:

line replaced

2023-11-10 16:00:46,562 p=1981943 u=root n=ansible | changed: [hdfsdn01] => (item={'regexp': '^export HADOOP_HOME', 'line': 'export HADOOP_HOME=/usr/lib/hadoop/hadoop-3.3.6//'}) => {
    "ansible_loop_var": "item",
    "backup": "/etc/profile.d/hadoop.sh.3383.2023-11-10@16:00:46~",
    "changed": true,
    "item": {
        "line": "export HADOOP_HOME=/usr/lib/hadoop/hadoop-3.3.6//",
        "regexp": "^export HADOOP_HOME"
    }
}

MSG:

line replaced

2023-11-10 16:00:46,651 p=1981943 u=root n=ansible | TASK [update hadoop common home] ***********************************************************************************************
2023-11-10 16:00:47,691 p=1981943 u=root n=ansible | changed: [hdfsnn01] => (item={'regexp': '^export HADOOP_COMMON_HOME', 'line': 'export HADOOP_COMMON_HOME=/usr/lib/hadoop/hadoop-3.3.6//'}) => {
    "ansible_loop_var": "item",
    "backup": "/etc/profile.d/hadoop.sh.12304.2023-11-10@16:00:47~",
    "changed": true,
    "item": {
        "line": "export HADOOP_COMMON_HOME=/usr/lib/hadoop/hadoop-3.3.6//",
        "regexp": "^export HADOOP_COMMON_HOME"
    }
}

MSG:

line replaced

2023-11-10 16:00:47,784 p=1981943 u=root n=ansible | changed: [hdfsdn01] => (item={'regexp': '^export HADOOP_COMMON_HOME', 'line': 'export HADOOP_COMMON_HOME=/usr/lib/hadoop/hadoop-3.3.6//'}) => {
    "ansible_loop_var": "item",
    "backup": "/etc/profile.d/hadoop.sh.3401.2023-11-10@16:00:47~",
    "changed": true,
    "item": {
        "line": "export HADOOP_COMMON_HOME=/usr/lib/hadoop/hadoop-3.3.6//",
        "regexp": "^export HADOOP_COMMON_HOME"
    }
}

MSG:

line replaced

2023-11-10 16:00:47,877 p=1981943 u=root n=ansible | TASK [update hadoop hdfs home] *************************************************************************************************
2023-11-10 16:00:48,940 p=1981943 u=root n=ansible | changed: [hdfsnn01] => (item={'regexp': '^export HADOOP_HDFS_HOME', 'line': 'export HADOOP_HDFS_HOME=/usr/lib/hadoop/hadoop-3.3.6//'}) => {
    "ansible_loop_var": "item",
    "backup": "/etc/profile.d/hadoop.sh.12317.2023-11-10@16:00:48~",
    "changed": true,
    "item": {
        "line": "export HADOOP_HDFS_HOME=/usr/lib/hadoop/hadoop-3.3.6//",
        "regexp": "^export HADOOP_HDFS_HOME"
    }
}

MSG:

line replaced

2023-11-10 16:00:49,069 p=1981943 u=root n=ansible | changed: [hdfsdn01] => (item={'regexp': '^export HADOOP_HDFS_HOME', 'line': 'export HADOOP_HDFS_HOME=/usr/lib/hadoop/hadoop-3.3.6//'}) => {
    "ansible_loop_var": "item",
    "backup": "/etc/profile.d/hadoop.sh.3413.2023-11-10@16:00:48~",
    "changed": true,
    "item": {
        "line": "export HADOOP_HDFS_HOME=/usr/lib/hadoop/hadoop-3.3.6//",
        "regexp": "^export HADOOP_HDFS_HOME"
    }
}

MSG:

line replaced

2023-11-10 16:00:49,187 p=1981943 u=root n=ansible | TASK [update hadoop yarn home] *************************************************************************************************
2023-11-10 16:00:50,151 p=1981943 u=root n=ansible | changed: [hdfsnn01] => (item={'regexp': '^export HADOOP_YARN_HOME', 'line': 'export HADOOP_YARN_HOME=/usr/lib/hadoop/hadoop-3.3.6//'}) => {
    "ansible_loop_var": "item",
    "backup": "/etc/profile.d/hadoop.sh.12329.2023-11-10@16:00:50~",
    "changed": true,
    "item": {
        "line": "export HADOOP_YARN_HOME=/usr/lib/hadoop/hadoop-3.3.6//",
        "regexp": "^export HADOOP_YARN_HOME"
    }
}

MSG:

line replaced

2023-11-10 16:00:50,319 p=1981943 u=root n=ansible | changed: [hdfsdn01] => (item={'regexp': '^export HADOOP_YARN_HOME', 'line': 'export HADOOP_YARN_HOME=/usr/lib/hadoop/hadoop-3.3.6//'}) => {
    "ansible_loop_var": "item",
    "backup": "/etc/profile.d/hadoop.sh.3425.2023-11-10@16:00:50~",
    "changed": true,
    "item": {
        "line": "export HADOOP_YARN_HOME=/usr/lib/hadoop/hadoop-3.3.6//",
        "regexp": "^export HADOOP_YARN_HOME"
    }
}

MSG:

line replaced

2023-11-10 16:00:50,522 p=1981943 u=root n=ansible | TASK [update hadoop mapred home] ***********************************************************************************************
2023-11-10 16:00:51,387 p=1981943 u=root n=ansible | changed: [hdfsnn01] => (item={'regexp': '^export HADOOP_MAPRED_HOME', 'line': 'export HADOOP_MAPRED_HOME=/usr/lib/hadoop/hadoop-3.3.6//'}) => {
    "ansible_loop_var": "item",
    "backup": "/etc/profile.d/hadoop.sh.12341.2023-11-10@16:00:51~",
    "changed": true,
    "item": {
        "line": "export HADOOP_MAPRED_HOME=/usr/lib/hadoop/hadoop-3.3.6//",
        "regexp": "^export HADOOP_MAPRED_HOME"
    }
}

MSG:

line replaced

2023-11-10 16:00:51,624 p=1981943 u=root n=ansible | changed: [hdfsdn01] => (item={'regexp': '^export HADOOP_MAPRED_HOME', 'line': 'export HADOOP_MAPRED_HOME=/usr/lib/hadoop/hadoop-3.3.6//'}) => {
    "ansible_loop_var": "item",
    "backup": "/etc/profile.d/hadoop.sh.3437.2023-11-10@16:00:51~",
    "changed": true,
    "item": {
        "line": "export HADOOP_MAPRED_HOME=/usr/lib/hadoop/hadoop-3.3.6//",
        "regexp": "^export HADOOP_MAPRED_HOME"
    }
}

MSG:

line replaced

2023-11-10 16:00:51,717 p=1981943 u=root n=ansible | TASK [source the hadoop.sh file] ***********************************************************************************************
2023-11-10 16:00:52,733 p=1981943 u=root n=ansible | changed: [hdfsnn01] => {
    "changed": true,
    "cmd": "source /etc/profile.d/hadoop.sh",
    "delta": "0:00:00.011067",
    "end": "2023-11-10 16:00:52.670833",
    "rc": 0,
    "start": "2023-11-10 16:00:52.659766"
}
2023-11-10 16:00:53,179 p=1981943 u=root n=ansible | changed: [hdfsdn01] => {
    "changed": true,
    "cmd": "source /etc/profile.d/hadoop.sh",
    "delta": "0:00:00.022880",
    "end": "2023-11-10 16:00:53.019826",
    "rc": 0,
    "start": "2023-11-10 16:00:52.996946"
}
2023-11-10 16:00:53,318 p=1981943 u=root n=ansible | TASK [update zookeeper home] ***************************************************************************************************
2023-11-10 16:00:53,781 p=1981943 u=root n=ansible | skipping: [hdfsnn01] => (item={'regexp': '^export ZOOKEEPER_HOME', 'line': 'export ZOOKEEPER_HOME=/usr/lib/zookeeper/apache-zookeeper-3.8.3-bin/'})  => {
    "ansible_loop_var": "item",
    "changed": false,
    "item": {
        "line": "export ZOOKEEPER_HOME=/usr/lib/zookeeper/apache-zookeeper-3.8.3-bin/",
        "regexp": "^export ZOOKEEPER_HOME"
    },
    "skip_reason": "Conditional result was False"
}
2023-11-10 16:00:53,785 p=1981943 u=root n=ansible | skipping: [hdfsnn01] => {
    "changed": false
}

MSG:

All items skipped

2023-11-10 16:00:53,875 p=1981943 u=root n=ansible | skipping: [hdfsdn01] => (item={'regexp': '^export ZOOKEEPER_HOME', 'line': 'export ZOOKEEPER_HOME=/usr/lib/zookeeper/apache-zookeeper-3.8.3-bin/'})  => {
    "ansible_loop_var": "item",
    "changed": false,
    "item": {
        "line": "export ZOOKEEPER_HOME=/usr/lib/zookeeper/apache-zookeeper-3.8.3-bin/",
        "regexp": "^export ZOOKEEPER_HOME"
    },
    "skip_reason": "Conditional result was False"
}
2023-11-10 16:00:53,881 p=1981943 u=root n=ansible | skipping: [hdfsdn01] => {
    "changed": false
}

MSG:

All items skipped

2023-11-10 16:00:53,969 p=1981943 u=root n=ansible | TASK [source the zookeeper.sh file] ********************************************************************************************
2023-11-10 16:00:54,301 p=1981943 u=root n=ansible | skipping: [hdfsnn01] => {
    "changed": false,
    "skip_reason": "Conditional result was False"
}
2023-11-10 16:00:54,530 p=1981943 u=root n=ansible | skipping: [hdfsdn01] => {
    "changed": false,
    "skip_reason": "Conditional result was False"
}
2023-11-10 16:00:54,635 p=1981943 u=root n=ansible | TASK [setup symbolic links] ****************************************************************************************************
2023-11-10 16:00:55,041 p=1981943 u=root n=ansible | included: /home/ansadmin/playbooks/hdfs/tasks/link.yml for hdfsnn01, hdfsdn01
2023-11-10 16:00:55,208 p=1981943 u=root n=ansible | TASK [Create Links for container-executor] *************************************************************************************
2023-11-10 16:00:56,417 p=1981943 u=root n=ansible | ok: [hdfsnn01] => {
    "changed": false,
    "dest": "/usr/bin/container-executor",
    "gid": 0,
    "group": "root",
    "mode": "0777",
    "owner": "root",
    "secontext": "unconfined_u:object_r:bin_t:s0",
    "size": 51,
    "src": "/usr/lib/hadoop/hadoop-3.3.6/bin/container-executor",
    "state": "link",
    "uid": 0
}
2023-11-10 16:00:56,609 p=1981943 u=root n=ansible | ok: [hdfsdn01] => {
    "changed": false,
    "dest": "/usr/bin/container-executor",
    "gid": 0,
    "group": "root",
    "mode": "0777",
    "owner": "root",
    "secontext": "unconfined_u:object_r:bin_t:s0",
    "size": 51,
    "src": "/usr/lib/hadoop/hadoop-3.3.6/bin/container-executor",
    "state": "link",
    "uid": 0
}
2023-11-10 16:00:56,701 p=1981943 u=root n=ansible | TASK [Create Links for hadoop] *************************************************************************************************
2023-11-10 16:00:57,784 p=1981943 u=root n=ansible | ok: [hdfsnn01] => {
    "changed": false,
    "dest": "/usr/bin/hadoop",
    "gid": 0,
    "group": "root",
    "mode": "0777",
    "owner": "root",
    "secontext": "unconfined_u:object_r:bin_t:s0",
    "size": 39,
    "src": "/usr/lib/hadoop/hadoop-3.3.6/bin/hadoop",
    "state": "link",
    "uid": 0
}
2023-11-10 16:00:58,087 p=1981943 u=root n=ansible | ok: [hdfsdn01] => {
    "changed": false,
    "dest": "/usr/bin/hadoop",
    "gid": 0,
    "group": "root",
    "mode": "0777",
    "owner": "root",
    "secontext": "unconfined_u:object_r:bin_t:s0",
    "size": 39,
    "src": "/usr/lib/hadoop/hadoop-3.3.6/bin/hadoop",
    "state": "link",
    "uid": 0
}
2023-11-10 16:00:58,191 p=1981943 u=root n=ansible | TASK [Create Links for hdfs] ***************************************************************************************************
2023-11-10 16:00:59,160 p=1981943 u=root n=ansible | ok: [hdfsnn01] => {
    "changed": false,
    "dest": "/usr/bin/hdfs",
    "gid": 0,
    "group": "root",
    "mode": "0777",
    "owner": "root",
    "secontext": "unconfined_u:object_r:bin_t:s0",
    "size": 37,
    "src": "/usr/lib/hadoop/hadoop-3.3.6/bin/hdfs",
    "state": "link",
    "uid": 0
}
2023-11-10 16:00:59,454 p=1981943 u=root n=ansible | ok: [hdfsdn01] => {
    "changed": false,
    "dest": "/usr/bin/hdfs",
    "gid": 0,
    "group": "root",
    "mode": "0777",
    "owner": "root",
    "secontext": "unconfined_u:object_r:bin_t:s0",
    "size": 37,
    "src": "/usr/lib/hadoop/hadoop-3.3.6/bin/hdfs",
    "state": "link",
    "uid": 0
}
2023-11-10 16:00:59,600 p=1981943 u=root n=ansible | TASK [Create Links for mapred] *************************************************************************************************
2023-11-10 16:01:00,739 p=1981943 u=root n=ansible | ok: [hdfsdn01] => {
    "changed": false,
    "dest": "/usr/bin/mapred",
    "gid": 0,
    "group": "root",
    "mode": "0777",
    "owner": "root",
    "secontext": "unconfined_u:object_r:bin_t:s0",
    "size": 39,
    "src": "/usr/lib/hadoop/hadoop-3.3.6/bin/mapred",
    "state": "link",
    "uid": 0
}
2023-11-10 16:01:00,831 p=1981943 u=root n=ansible | ok: [hdfsnn01] => {
    "changed": false,
    "dest": "/usr/bin/mapred",
    "gid": 0,
    "group": "root",
    "mode": "0777",
    "owner": "root",
    "secontext": "unconfined_u:object_r:bin_t:s0",
    "size": 39,
    "src": "/usr/lib/hadoop/hadoop-3.3.6/bin/mapred",
    "state": "link",
    "uid": 0
}
2023-11-10 16:01:00,913 p=1981943 u=root n=ansible | TASK [Create Links for oom-listener] *******************************************************************************************
2023-11-10 16:01:02,612 p=1981943 u=root n=ansible | ok: [hdfsnn01] => {
    "changed": false,
    "dest": "/usr/bin/oom-listener",
    "gid": 0,
    "group": "root",
    "mode": "0777",
    "owner": "root",
    "secontext": "unconfined_u:object_r:bin_t:s0",
    "size": 45,
    "src": "/usr/lib/hadoop/hadoop-3.3.6/bin/oom-listener",
    "state": "link",
    "uid": 0
}
2023-11-10 16:01:02,721 p=1981943 u=root n=ansible | ok: [hdfsdn01] => {
    "changed": false,
    "dest": "/usr/bin/oom-listener",
    "gid": 0,
    "group": "root",
    "mode": "0777",
    "owner": "root",
    "secontext": "unconfined_u:object_r:bin_t:s0",
    "size": 45,
    "src": "/usr/lib/hadoop/hadoop-3.3.6/bin/oom-listener",
    "state": "link",
    "uid": 0
}
2023-11-10 16:01:02,916 p=1981943 u=root n=ansible | TASK [Create Links for test-container-executor] ********************************************************************************
2023-11-10 16:01:04,176 p=1981943 u=root n=ansible | ok: [hdfsnn01] => {
    "changed": false,
    "dest": "/usr/bin/test-container-executor",
    "gid": 0,
    "group": "root",
    "mode": "0777",
    "owner": "root",
    "secontext": "unconfined_u:object_r:bin_t:s0",
    "size": 56,
    "src": "/usr/lib/hadoop/hadoop-3.3.6/bin/test-container-executor",
    "state": "link",
    "uid": 0
}
2023-11-10 16:01:04,314 p=1981943 u=root n=ansible | ok: [hdfsdn01] => {
    "changed": false,
    "dest": "/usr/bin/test-container-executor",
    "gid": 0,
    "group": "root",
    "mode": "0777",
    "owner": "root",
    "secontext": "unconfined_u:object_r:bin_t:s0",
    "size": 56,
    "src": "/usr/lib/hadoop/hadoop-3.3.6/bin/test-container-executor",
    "state": "link",
    "uid": 0
}
2023-11-10 16:01:04,519 p=1981943 u=root n=ansible | TASK [Create Links for yarn] ***************************************************************************************************
2023-11-10 16:01:05,555 p=1981943 u=root n=ansible | ok: [hdfsnn01] => {
    "changed": false,
    "dest": "/usr/bin/yarn",
    "gid": 0,
    "group": "root",
    "mode": "0777",
    "owner": "root",
    "secontext": "unconfined_u:object_r:bin_t:s0",
    "size": 37,
    "src": "/usr/lib/hadoop/hadoop-3.3.6/bin/yarn",
    "state": "link",
    "uid": 0
}
2023-11-10 16:01:05,778 p=1981943 u=root n=ansible | ok: [hdfsdn01] => {
    "changed": false,
    "dest": "/usr/bin/yarn",
    "gid": 0,
    "group": "root",
    "mode": "0777",
    "owner": "root",
    "secontext": "unconfined_u:object_r:bin_t:s0",
    "size": 37,
    "src": "/usr/lib/hadoop/hadoop-3.3.6/bin/yarn",
    "state": "link",
    "uid": 0
}
2023-11-10 16:01:05,990 p=1981943 u=root n=ansible | PLAY RECAP *********************************************************************************************************************
2023-11-10 16:01:05,991 p=1981943 u=root n=ansible | hdfsdn01                   : ok=66   changed=19   unreachable=0    failed=0    skipped=29   rescued=0    ignored=0   
2023-11-10 16:01:05,992 p=1981943 u=root n=ansible | hdfsnn01                   : ok=66   changed=19   unreachable=0    failed=0    skipped=29   rescued=0    ignored=0   
